Video link,Video datetime,Video title
gJrl2mpEsxI,2026-01-18T03:30:36Z,"from20, HELLO GLOOM, KANG YUCHAN, LIM SEJUN - 119 (Lyric Video) (EN/KO)"
8RAQSwpjFoE,2026-01-25T09:00:01Z,영파씨 (YOUNG POSSE) - 'VISA' MV Teaser
4sl47VgK_4A,2026-01-15T10:00:05Z,8TURN (에잇턴) 'BRUISE(불씨)' | Concept Flim
JBrmXv5nwZs,,
7KqkSpD4AxI,2026-01-14T03:02:39Z,6(SIX)
g7eWRfcM7jU,2026-02-04T15:01:23Z,Tokimetique
WMgKm01lr2M,2026-02-03T12:00:56Z,I1IT [ アイウォニット ]“ RED line ” M/V
jkdx9PaVKe0,2026-02-02T09:02:36Z,Seasonal Crime
SUJn2h-J5Ko,2026-01-14T13:00:03Z,AxMxP (에이엠피) - PASS MV TEASER
YgwGBgZEKaM,2026-01-01T09:00:08Z,"CNBLUE (씨엔블루) '그러나 꽃이었다 (Still, a Flower)' LYRIC VIDEO"
JfUdhFOfj2A,2026-02-04T14:27:16Z,‘call it what you want’ 13 February 12AM SGT. presave now 💔
QFI8C6_STTc,2026-01-03T09:00:39Z,[MV] Kyoung Seo(경서) - Like a movie(영화처럼) | 💟Love me 러브 미 OST
No2UhSOp8aM,2025-11-13T16:01:46Z,"최성, Jayci yucca, TOIL - 고스트시티"
97qr0BOdHkc,2026-01-15T15:00:31Z,Yin and Yang
N_sjonH-j9Y,2026-02-08T03:00:33Z,WHO [AM I?] Video Teaser #1
aLBo0oJqBXI,2025-12-02T15:00:07Z,ALPHA DRIVE ONE (알파드라이브원)  FORMULA PERFORMANCE VIDEO
e4RCv5k_kuE,2026-02-05T03:03:35Z,Bet me
EKrsvC7XxhE,2026-01-12T02:00:10Z,One In A Billion (Japanese Ver.)
SeZ6L9jZmHc,2026-01-18T15:00:35Z,Billlie | cloud palace ~ false awakening | GRANT OF ADMITTANCE
5221XAQ6aTc,2026-01-31T09:08:34Z,NAVILLERA(나빌레라) 'NO LIMIT' M/V Teaser
e8X35-Teneg,2026-01-13T14:59:43Z,"Hi-Fi Un!corn - ""SUPER DUPER"" Performance Video"
D6wqZefJCDo,2026-02-02T09:00:00Z,온유 ONEW 5TH EP [TOUGH LOVE] Trailer
RV5_Y_f7u0k,2026-01-15T09:00:40Z,[Live Clip] BORA(보라) - Muffler(목도리)
WBAIQVnkMcE,2026-02-06T15:01:05Z,전지우 - 'Home Sweet Home' MV Teaser
hQ4-H-nNNz4,2026-01-14T14:30:06Z,ちゃんみな - TEST ME (Official Music Video)
bxPt9jC1Xxo,2026-01-13T03:02:18Z,Because You're So Beautiful
aT26fdm0ZFs,2026-02-02T13:00:02Z,WOODZ [Archive. 1] Highlight Medley #1
CO7xkEXsn5s,2026-01-20T03:00:13Z,SKINZ PRE-RELEASE SINGLE [WHY U MAD] 2026.02.04 6PM (KST)
oyXx7MDqZ-Q,2026-02-04T09:00:36Z,"ZICO, Crush - 'Yin and Yang (FANXY CHILD Ver.)(Feat. DEAN, PENOMECO)' Visualizer"
IOLNzfBSeBA,2026-01-23T09:00:06Z,01. 케시아(KESSIA)-수채화 (choose)
HUNkE8Sopwo,2026-01-17T05:00:07Z,포레스텔라(Forestella) ’Nella Notte' Lyric Video
EzvhlgTNCbU,2026-02-06T15:00:06Z,NCT JNJM : Which one is your best side?
hRlt2L-MJKU,2026-01-09T09:04:19Z,하데스 (HADES) '두번째 지구(Planet B)' Official MV
v5_GoNFr5wc,2026-01-09T09:00:34Z,ZEROBASEONE (제로베이스원) ‘Running to Future’ MV
8m932pAU0f8,2026-01-31T03:00:00Z,COiBLEN - C.O.D.E Teaser
wlR8b_uOfh4,2026-01-26T09:01:25Z,[MV] NWHI - Siren Call
nzWl5oaZ1Gg,2026-01-20T09:01:41Z,Alive
6uFgNS9hCiU,2026-02-03T09:00:10Z,[Live Clip] Jeong Eun Ji(정은지) _ Parrot(앵무새)
XQ7vBKHMw7M,2026-01-25T15:01:09Z,SSS (Sending Secret Signals)
J1kMnHO8xSk,2025-12-12T03:03:29Z,L&R (Preview)
IWeJUiyqFes,2026-01-29T03:00:21Z,김준태(JUNTAE) – '사랑하기 싫어' (Tired of falling in love)(Official Live Clip)
Vufz0kX5L3g,2025-12-19T09:03:11Z,Falling for You (feat. Yves)
LvoIv3PTk9c,2026-01-25T09:00:34Z,The First (Rearranged Ver.)
-xw1nTIH50I,2026-01-26T09:00:01Z,MY:RAKL '별들에게 물어봐' MV
5m97c9Hit7g,2026-02-06T11:01:14Z,HORI7ON - 'Lunod' Audio Snippet Teaser
6AvlefX35o8,2026-01-16T02:59:47Z,김다현 ’까만백조‘ Official MV
raPfw-TycEg,2026-01-19T03:01:00Z,M.O.N.T DIGITAL SINGLE ‘History’ 🎬 JACKET VIDEO TEASER 💿 RELEASE DATE 2026.01.21 12PM KST
OrlkRhaVnhk,2026-01-07T09:00:07Z,BADA[바다] '소란스런 이별'  MV
BTlj6Sls7KE,2026-01-12T13:30:03Z,KiiiKiii 키키 ‘Delulu' Track Film
nhDcqoetCy8,2026-01-08T09:00:50Z,"LATENCY (레이턴시) ""사랑이었는데"" LIVE CLIP"
be8G6WqvGn8,2026-01-20T10:03:28Z,Talk To Me
Qcz-7evvAqY,2026-01-28T12:00:06Z,ONE OR EIGHT / TOKYO DRIFT (Music Video)
F192Gkz5Tas,2026-01-19T15:40:04Z,1VERSE 유니버스 WABIF (‘Wide Awake before I Fall’) Visualizer Teaser
7hTbNeHqGD8,2025-12-13T15:00:12Z,EXO 엑소 'I'm Home' MV
hoep54xEUeU,2026-02-02T09:03:37Z,VV
BN3sEtwD7qU,2026-01-21T09:04:54Z,FOOL FOR YOU
CRf5qcPd5a0,2026-02-03T10:04:01Z,FLIP FLAP
Vj3zqFDToIM,2026-01-14T09:01:00Z,Trippin′
ou2Y2vGKCyY,2026-01-20T15:01:35Z,RESCENE (리센느) 'ピンボール (Pinball)' M/V
WXav5B0ppUo,2026-02-06T14:00:03Z,IVE 아이브 'BANG BANG' TEASER
CuHBrVR5J7s,2026-01-22T09:04:24Z,Offline
8cEdndsuzSE,2025-09-19T09:00:08Z,XG - GALA (Official Music Video)
w7j0aTM5ujk,2026-01-19T15:00:01Z,Play the whole world in Mono
7ehdQWIV5Ik,2026-01-26T09:02:26Z,사계(Always)
39upRxI7Yvc,2026-02-01T09:04:14Z,A Love Just For You(그댈 위한 사랑)
blYK_tKXn9E,2025-12-16T15:00:01Z,도겸X승관 (SEVENTEEN) 1st Mini Album ‘소야곡’ Trailer : An Ordinary Love
2gbVYUcPRwY,2026-01-09T09:03:40Z,넌 알고 있을까
ELaFmC2UFzk,2025-11-21T12:00:35Z,Trailer - Welcome to the MISAMO's stage
JGvx-7IkUCA,2026-01-10T03:02:35Z,X-mas
6PH4Kfjeuo8,2026-01-13T09:02:40Z,Loosing Heart (Veiled Musician X BOL4 with Yeouido-dong Three Star) (마음을 잃다...
KyRERlh3X28,2026-01-14T08:59:07Z,ONEWE(원위) '관람차 (Ferris wheel)' MV
K7t12aTmhkc,2026-01-18T10:04:15Z,DEAD STARS
VSzrNrTeXMM,2026-01-30T09:00:47Z,채령 CHAERYEONG (ITZY) - Midnight Glow Official M/V
ZZIKS6NIMHo,2025-12-14T15:01:08Z,"CHUU The First Album [XO, My Cyberlove] #CHUU #츄 #XOMyCyberlove"
i3hQxcVNXx0,2026-01-10T09:04:41Z,Cold Air
RRad4YeoaJY,2026-01-13T15:01:01Z,WE 'ROCK THE NATION'
t_HEiqWHg44,2026-01-05T09:01:21Z,n.SSign(엔싸인) 'Funky like me' Story Film
KQfAQ-fHFCc,2026-02-02T09:00:00Z,[MV] YEL(옐) - Narcissist(나르시시스트)
UulR1x4tvZE,2025-11-06T09:00:45Z,NCT WISH 엔시티 위시 'Dreamcatcher' Special Video
_laRJSDsyHM,2026-01-12T09:00:02Z,The 2nd Digital Single 【CALL ME BACK】
cC-6G5daQBo,2025-12-12T11:01:21Z,TVアニメ『姫様“拷問”の時間です』第2期 本PV│2026年1月12日（月）放送＆配信開始
zSFmsS5ufDs,2026-01-07T03:01:24Z,Dept - Blue Official Lyric Video
OaBsMBK1Bgo,2026-01-16T09:04:23Z,"A goodbye to yesterday, a hello to tomorrow"
GD5AcHvkI2E,2026-02-06T09:00:00Z,희재 (SEVENUS) Feat. 형진(DIGNITY) -'어느 째즈바' Live Clip
oB5ZwlgICvg,2026-01-05T09:02:59Z,Tell The World
VQucfbsmlyc,2026-01-06T03:00:40Z,DIA 디아 - Dance! MV Teaser
f9m2SQ81v7Q,2026-01-19T15:01:14Z,샤 (SYA) [23:24] Track Film #1 매립지대(LANDFILL)
3WT8A28JPnY,2026-01-17T03:00:04Z,[Official Audio] MADDYXP (매디엑스피) - grapefruit
uGTz6iCDvIw,2026-01-11T15:00:00Z,"ATEEZ(에이티즈) - Deep in my heart, Deep in my soul"
HHkj1M34QNg,2026-01-11T09:02:07Z,Something Feels Wrong
1UyzVpQDkW8,2026-01-06T09:00:02Z,[MV] 리아(ITZY) - 내 사랑인걸(How I Love You) (Official) | 아이돌아이 OST Part.6
LxkkKsE9mS8,2026-02-03T15:00:41Z,'growing pains' OUT on 2/6 Midnight (Local Time)
U4avKonYpIk,2026-01-06T15:00:51Z,is this real me? │ TEASER
pOAKFUpMdd0,2026-01-25T15:00:02Z,양요섭(YANG YOSEOP) THE 3rd MINI ALBUM [Unloved Echo] COMEBACK TRAILER
bRzo1UMw7YI,2026-02-05T09:03:43Z,"Crossing Today, We’ll Meet Again Tomorrow (오늘을 건너 내일 다시 만나는 길)"
1LYEVx1k0T0,2026-02-06T09:04:13Z,Rumble
n17xAjgbHO0,2026-01-05T10:23:06Z,𝐖𝐀𝐊𝐄𝐑 𝟑𝐫𝐝 𝐌𝐢𝐧𝐢 𝐀𝐥𝐛𝐮𝐦 '𝐋𝐢𝐊𝐄 𝐓𝐇𝐀𝐓' 𝐌𝐕 𝐓𝐄𝐀𝐒𝐄𝐑
e589HW1MGbo,2026-01-15T03:00:47Z,LOLA 로라 - TATz MV Teaser
_onCG9RhAIo,2026-01-03T09:00:28Z,Re:Hearts 리하츠 ‘Persona’ Performance Video
4qWUNxnZ35U,2026-01-23T15:00:14Z,COMING SOON
1hRzRN2bs3k,2026-01-27T09:00:03Z,"AB6IX (에이비식스) - 1분 1초 (A Minute, A Second) [Music Video]"
FG2BQp9oRik,2026-01-30T09:03:40Z,Like the movies
eDSb9J1DJKc,2025-12-22T09:00:02Z,JOOHONEY 주헌 'Push (Feat. 레이 (IVE))' MV
bAENPpwyOU4,2026-01-29T09:00:57Z,LEE JIHAM 이지함 -  'Forever Mine' MV
N_P7j2JG7ws,2026-01-04T03:00:34Z,kursor - 90's Official MV
gOjG-70-D5o,2026-01-15T15:00:02Z,MISAMO 「Confetti」 Music Video
JUeZL0TyT3I,2026-01-23T09:00:15Z,ZEROBASEONE (제로베이스원) ‘ROSES’ MV
3KxiGwS2Ons,2026-02-06T09:04:46Z,bad trip
EDxI7p2M8Xk,2026-02-06T09:00:00Z,CHUNG HA 청하 | 'Save me' Official visualizer Teaser
ZkA18GPAylY,2026-01-12T15:00:02Z,ONEWE(원위) '관람차 (Ferris wheel)' MV Teaser
3NqKXg2gxcc,2026-01-30T09:03:42Z,Flower
Y0Ul1XB0-Lc,2026-01-20T09:00:12Z,모모랜드 (MOMOLAND) - 𝒘𝒉𝒊𝒕𝒆 𝒔𝒑𝒓𝒊𝒏𝒈 (하얀 봄) [Teaser]
22CcsqxQdW0,2026-01-07T09:00:08Z,[Lyrics Video] WONPIL(원필) (DAY6) - Wish
unlgFDu7-pA,2026-01-28T09:05:01Z,When I Woke Up
Mxp_q_RBCXE,2026-01-01T10:00:38Z,Internet Girl
0srzt8rpr3Q,2026-02-04T03:01:15Z,JAMILA
-XJi9qCv_1s,2026-01-05T15:00:02Z,원어스(ONEUS) SINGLE ALBUM '原' LOGO MOTION
kI9YD61ehIw,2026-01-28T09:00:01Z,POW (파우) 'Come True (feat. 신온유 of 신인류)' M/V
5TsjmyIwHy8,2026-02-05T09:00:08Z,수호 (SUHO) - 나비가 날아왔어요 Butterflies in my heart Official M/V
cAIfrwyYmVo,2026-01-12T09:00:58Z,KAJA “Future Calling” Music Video
OCfFVUySdYw,2025-12-22T13:00:02Z,ENHYPEN (엔하이픈) 'THE SIN : VANISH' Chapter 1. 'No Way Back'
_LGkbAg-4oo,2025-12-26T09:00:06Z,SHIN SOOHYUN Mini Album 'Gray.' HIGHLIGHT MEDLEY
X4vFdfSsMmA,2026-01-28T09:04:12Z,Up and Down
WZgam7x_ymU,2026-01-09T09:03:20Z,DOPE (feat. Kid Milli)
v94Q1nzU4Vc,2026-01-07T07:37:03Z,[Lyric Video] 미연 (MIYEON) - 봄꽃 (스프링 피버 OST Part 1)｜리릭비디오｜Stone Music Playlist
0iul7DdRFyA,2025-12-24T08:00:01Z,🎧SEALOOK 2 x ATEEZ Opening OST 'Me Crazy' MV
XE4A3zRxk8M,2026-01-22T03:04:26Z,"I Love You, I Love You"
ER4YaTP2Sc8,2026-01-04T09:00:24Z,[Lyric Video] 하성운 - Loving You (은애하는 도적님아 OST Part 1)｜리릭비디오｜Stone Music Playlist
8k0qIUhaCD0,2026-01-24T03:00:15Z,[MV] 현오(Hyun.O) - Starlight Glaze
vuAp-MShrVw,2026-01-23T05:02:03Z,Little Miss (Misdemeanor)
rlKaNmMCew4,2026-01-28T02:59:28Z,[MV] Romantist 로맨티스트 by Rolling Quartz 롤링쿼츠
n71tJihpPHA,2025-12-18T15:00:28Z,idntt 아이덴티티 : yesw15are
slHHlZN3N0w,2026-02-06T15:00:00Z,"MADEIN - ""안 봐도 비디오"" Super Obvious TEASER #2"
fAVrqc-IphQ,2026-01-09T08:00:19Z,에스더(AESTHER) 'Starlight'  Teaser
KRAFmgTECWw,2026-01-15T09:00:09Z,"LIGHTSUM(라잇썸) - '아름답고도 아프구나 (상아, 초원, 주현)' LIVE CLIP"
OgOm9Ei0BUc,2026-01-20T09:00:39Z,"Hyper Slide (Sung by KYEHOON, DONGHWA, MINJE, KEIJU)"
HRDApL3_m18,2026-01-20T10:03:08Z,NEMONEMO - Japanese Ver. -
6gi87AUDs0M,2026-01-14T15:00:02Z,BLACKPINK 3rd MINI ALBUM [DEADLINE]
4oktaGUvcTI,2026-01-20T09:00:08Z,스웨덴세탁소 '영영' MV
SoZeR3ttHKk,2026-01-13T10:01:52Z,恋じゃない？ - Don't you love me? -
t5oIE5lrph0,2026-01-07T12:15:06Z,COMMA [콤마] ’Toxic Sugar’ Official Main Teaser
kacuL0bgsdI,2025-12-19T11:01:37Z,IS:SUE (イッシュ) 'Phase' Official MV
3Lj1CoLVQbU,2026-01-03T09:00:05Z,[M/V] CLOSE YOUR EYES (클로즈 유어 아이즈) - I GOT IT :: 판사 이한영 OST Part.1
Zl-LzXzy4vc,2026-01-16T03:02:40Z,Are You Ready
O17TW3DXUU0,2026-02-04T05:47:07Z,허공(虛空) (The Void)
kn-U4BvIuXw,2026-01-14T09:01:14Z,"dodree (도드리) ""꿈만 같았다 (Just Like a Dream)"" M/V Teaser"
lRZXbdupH7I,2025-12-23T03:00:09Z,LNGSHOT DEBUT EP [SHOT CALLERS] Trailer
XECOC6C_Nr4,2026-01-29T14:59:47Z,"Hi-Fi Un!corn - ""라일라 (LAILA)"" Performance Video"
77IbsMVWyuQ,2026-01-29T09:00:05Z,"기리보이, 헤이즈 (GIRIBOY, Heize) '안 될 사람' Official Visualizer"
AoC7BBs_l6g,2025-12-25T09:00:04Z,"𝐖𝐞 𝐛𝐫𝐞𝐚𝐤, 𝐲𝐨𝐮 𝐚𝐰𝐚𝐤𝐞"
YrFeVx2vIG8,2026-02-02T09:00:50Z,깨어 (Are You Alive) (Inst.)
bt1BdmKRzzw,2026-01-17T15:00:00Z,CATCH THE YOUNG 1st Full Album 'EVOLVE' Highlight Preview
VW7jSCsuWCI,2025-12-15T15:01:00Z,Apink (에이핑크) TRAILER I RE LOVE
QjMGurFjvT4,2025-12-26T15:00:52Z,H1-KEY(하이키) Digital Single 【세상은 영화 같지 않더라】 Concept Flim
5XCdT42R1Yg,2025-06-27T09:00:12Z,정용화 (JUNG YONG HWA) 3rd Mini Album [One Last Day] HIGHLIGHT MEDLEY
L_IrTG4E-CY,2026-01-05T09:00:24Z,BOYS
Sf5ErqLw33M,2026-01-08T10:00:54Z,YOUNG POSSE (영파씨) × BENZO 'LOSE YOUR SHXT' MV Teaser
AEYrm_IFoKk,2026-01-29T03:00:22Z,"ALL(H)OURS (올아워즈) '나의 봄, 나의 빛, 나의 숨' Official M/V"
1NJkrWfJgbU,2026-02-02T09:02:51Z,Loved up
XPqXU3SfxdU,2026-01-22T09:00:06Z,𝐇𝐞𝐛𝐢 -  𝐁𝐞𝐜𝐨𝐦𝐞 𝐎𝐟𝐟𝐢𝐜𝐢𝐚𝐥 𝐌𝐕
2M65XQn-2Pk,2026-01-29T09:00:03Z,유회승 (엔플라잉) ‘도망가자 (Run With Me)’ Special Clip
0UPDBODtxzw,2026-02-06T05:00:02Z,"Tame Impala, JENNIE - Dracula (JENNIE Remix - Official Lyric Video)"
zHQTySJrNWw,2026-02-20T09:01:22Z,CODA - IYWO (Official Lyric Video)
WxL5cNNelLk,2026-01-28T09:00:10Z,8TURN (에잇턴) ‘BRUISE(불씨)’ M/V
BXyBr6fIuw4,2026-02-13T07:56:44Z,ODEE - ride (Official Visualizer)
kDFYu3Kg_Xs,2026-02-14T14:00:06Z,Too Many Color (TMC/티엠씨) - 'to: you' M/V
_UQCWEp-8BQ,2026-01-20T09:00:00Z,ONEUS(원어스) 'Grenade' MV
6IKDkjlKHS4,2026-02-05T09:00:15Z,STEREOTYPE (Chinese Ver.)
9uDVag6HP8g,2026-02-09T05:08:57Z,Dear Me - 정원 (JUNGWON)
-01oDwXKSuE,2026-01-12T15:00:01Z,ILLIT (아일릿) 'Sunday Morning’ Official MV
fg-6jkI8B6M,2026-01-03T03:00:54Z,"(OFFICIAL AUDIO) Between You and I - ISHA(이샤), 이소(E.SO)"
PqWApYzlfrU,2026-01-21T09:00:07Z,"dodree (도드리) ""꿈만 같았다 (Just Like a Dream)"" M/V"
7mRAVdvlBKI,2026-02-13T03:00:14Z,owoon(오운) ‘Favorite depression’ MV
CkBdKswwN0s,2026-01-09T03:00:29Z,DIA 디아 - Dance! MV
8b4Cf1tlDFk,2026-01-22T07:24:14Z,1VERSE 유니버스 WABIF (‘Wide Awake before I Fall’) Official Visualizer
Vxj8vwMYHP4,2026-01-09T16:00:53Z,YOUNG POSSE (영파씨) × BENZO 'LOSE YOUR SHXT' MV
OeI0fQVSQLQ,2026-02-13T03:02:06Z,Kart Racer
Tckezs5z6u0,2026-02-04T13:00:07Z,KIMMISO X AVION - JAMILA جميلة Official Music Video
OTMan1GcBwk,2026-02-10T09:01:21Z,The Quiett - Ambition (Official Music Video) [ENG]
PQCcR2mrABw,2026-01-07T09:00:07Z,SHIN SOOHYUN 신수현 'Gray.' VISUALIZER
D9y3xAgp6Qo,2026-02-23T09:03:16Z,"1,2,3"
q7bcUlP07i4,2026-02-05T09:01:22Z,이세연 (LEE SEYEON) '전하고 싶었어' MV | Official
lBk-A6P6CQA,2026-02-10T09:01:08Z,숀(SHAUN) - 일기장(Diary) [Audio Only]
yfnE6vi6jAk,2025-12-03T07:01:05Z,NiziU「Light it Up」Live Performance Video (YouTube Live ver.)
udOf9JGMA7U,2026-02-10T13:01:52Z,STAYC（ステイシー）'MWUAH' MV
9qkpcLK422o,2026-02-09T09:01:11Z,IVE 아이브 'BANG BANG' MV
JTFuuQg5Mhs,2026-02-09T09:00:00Z,CHUNG HA 청하 | 'Save me'  Official visualizer
f3OypB-9BQI,2026-02-09T05:00:01Z,ATEEZ(에이티즈) - 'Adrenaline (NO1 Ver.)' Visualizer
Lr-7BBhUJio,2026-02-10T10:04:34Z,Night Runner (Shooting Star) [Japanese Version]
0-xKvImq7Ek,2026-01-22T09:00:17Z,TNX - 'CALL ME BACK' MV
zhHB4dZTChw,2026-01-26T09:00:07Z,KiiiKiii 키키 '404 (New Era)' MV
y2os26sMjOg,2026-01-05T09:01:29Z,Apink (에이핑크) 'Love Me More' M/V
LPL1fozVrIw,2026-02-11T08:58:05Z,전지우 - 'Home Sweet Home' MV
8iWkRdIsT3U,2026-02-23T09:00:20Z,DAILY:DIRECTION 'ROOMBADOOMBA' MV
b60RXXBik1w,2026-02-12T09:00:15Z,WOODZ 'CINEMA' MV
3IjtP7PRcrE,2026-01-21T03:00:02Z,M.O.N.T [몬트] - 'History (더 멋진 날을 위해)' OFFICIAL VIDEO
5q9EjSUovc4,2026-01-02T05:00:07Z,“Internet Girl” Visualizer | KATSEYE
F7sGJVUrkjQ,2026-02-20T09:00:21Z,Hearts2Hearts 하츠투하츠 'RUDE!' MV
GFRu5ea_klk,2025-12-20T12:59:58Z,LNGSHOT - [Saucin’] Official Music Video
pys0iujXJjQ,2026-02-09T08:59:59Z,[MV] 양요섭(YANG YOSEOP) - 옅어져 가 (Fade Away)
LVw93DLIE78,2026-01-13T09:00:36Z,n.SSign(엔싸인) - 'Funky like me (Feat. PEAK & PITCH)' MV
dgRaQ8mZjow,2026-02-11T09:01:01Z,blah ‘Youth’ Official MV
ql6cF9gKdjA,2026-02-12T09:01:28Z,Omega Sapien - Krapow (Official Video)
4arlM3zyWyA,2026-02-04T09:00:05Z,SKINZ (스킨즈) ‘WHY U MAD’ OFFICIAL MV
C_aVIcSuWeM,2026-02-12T16:02:27Z,Call It What You Want
5dfsW2CBNPs,2026-01-14T09:00:15Z,IN SEONG 'Mute is Off' MUSIC VIDEO
R6e4tBWxIxE,2026-01-16T05:00:00Z,ENHYPEN (엔하이픈) 'Knife' Official MV
ND5FhEsjVUk,2026-01-07T09:00:08Z,CNBLUE (씨엔블루) 'Killer Joy' MV
XQYO8vicu5I,2026-02-23T09:01:10Z,지는 법은 배운 적이 없으니까
OexKn5lnqfI,2026-02-11T03:00:21Z,JAEHYUK 유제혁 'Sweet Venom' MV
IxoCRq-v81I,2026-02-06T03:00:07Z,포레스텔라(Forestella) 'Etude' Lyric Video
liIBNPLp6D8,2026-01-09T12:15:06Z,COMMA [콤마] ’Toxic Sugar’ Official Visualizer Video
N-zrw5qDkFQ,2026-02-06T03:00:00Z,C.O.D.E | Official Video (MV)
P8VVnopM610,2026-01-12T09:00:03Z,ALPHA DRIVE ONE 'FREAK ALARM' MV
rjQFemcplN8,2026-01-03T09:01:20Z,Anlee(앤리) - My Love | 💟Love me 러브 미 OST
5e_VnIBO32I,2019-09-24T10:36:09Z,Strike Zone
uRnl1Lj7GqM,2026-01-29T09:01:26Z,WHIB(휘브) 'ROCK THE NATION' OFFICIAL MV
kDvjltW21ag,2026-01-08T15:01:25Z,ME:I (ミーアイ) ⊹  'LとR'
j5M8mX7qnLU,2026-02-13T11:01:13Z,TRIGER(트리거) 'WAKE UP' Official MV
PoD9YBZR0O4,2026-02-20T09:00:07Z,X:IN (엑신) 'Dazzle Flash ' MV
iGGxMGeJzmw,2026-02-14T02:00:47Z,"GOAT | ""Mention Me"" by CORTIS | Official Video"
yRTwoFiqQHY,2018-08-21T06:21:00Z,Highlight (하이라이트 (Highlight))
DYgE3SGPEqk,2026-01-27T09:00:01Z,i-dle (아이들) 'Mono (Feat. skaiwater)' Official Music Video
sD44sjGm1GM,2024-10-09T09:00:52Z,NOMAD (노매드) 'Call Me Back' Official MV
izGJjwhCEaI,2026-01-05T09:00:57Z,H1-KEY(하이키) ‘세상은 영화 같지 않더라’ Official M/V
g0_qeo00XWs,2026-02-24T09:00:52Z,공원 (gongwon) - 나의 무기 (All of me) Live Clip
qFVQukLBlj0,2026-02-12T09:01:16Z,Bloodline
F8YTLNrg8nE,2026-01-08T03:02:37Z,11:59
3SiRPF5OOzo,2026-01-14T03:10:37Z,[TUZI] - 아찔해 | Official Video
4jyZpXEW88E,2026-01-19T03:00:06Z,LOLA 로라 - TATz MV
1Pmoxr18YA8,2026-02-11T09:00:04Z,Truth
hzNZlhOOh3s,2026-02-03T04:42:32Z,MV | 나빌레라 (NAVILLERA) - NO LIMIT
tHvEKVW0GP8,2026-02-12T09:01:13Z,CRUCiAL STAR (크루셜스타) - 웍 질 (WOK HEI) (Feat. 조광일) [Official Audio]
zR-t4yv1hOE,2026-02-19T03:01:08Z,[MV] Uncrude _ Mystic (Feat. 하윤 of PRIMROSE)
yE6yETkVI3Q,2026-02-09T03:00:00Z,"MADEIN - ""안 봐도 비디오"" Super Obvious MV"
hE4bqarpTx4,2026-01-05T03:04:38Z,Nagging Me
QohU4Ucme3c,2026-02-17T11:00:45Z,KAJA “FutureCalling” Performance Video
z_ss4Yf-VZ4,2026-01-09T09:00:04Z,하성운 (HA SUNG WOON) - 'Tell The World' Special Clip
AdOaQpwYx0c,2026-02-21T09:00:02Z,[Official Video] 김성규 (KIM SUNG KYU) 'Over It' Pre-Release
yfKBI5l81-A,2026-02-17T15:00:05Z,RIIZE 라이즈 'All of You' MV
imvkO-lXwTA,2026-02-11T09:02:59Z,Run it up
juXsUPN55GY,2026-02-13T11:01:47Z,TRIGER (트리거) '좋아' (HOPE) Official MV (Japanese Ver.)
vlmXpQOE75c,2026-02-08T15:00:01Z,TXT (투모로우바이투게더) 'SSS (Sending Secret Signals) (feat. HYDE)' Official MV
NW6olUR350I,2026-02-13T09:02:28Z,you
V6yhQw99NYY,2026-01-19T09:00:07Z,CATCH THE YOUNG 'Amplify' Music Video
_UiZ-Uuw1ro,2026-01-05T09:03:22Z,Not Like a Movie
J3WxAEN2Ow4,2026-01-07T08:58:07Z,"CHUU 츄 'XO, My Cyberlove' MV"
ha7i16DoKQY,2026-02-22T09:00:30Z,최유리 - 초봄 [Music Video]
vShw8Av0dQY,2026-02-06T09:01:28Z,식케이(Sik-K) - NAMSAN TOWER (feat. LEY) [Official MV]
CgCVZdcKcqY,2025-07-11T04:00:07Z,BLACKPINK - ‘뛰어(JUMP)’ M/V
Eyv7VNmNXNI,2026-02-23T09:00:32Z,NCT JNJM 엔시티 제노재민 'I.D.O.L.' | BOTH SIDES Playlist
9bZkp7q19f0,2012-07-15T07:46:32Z,PSY - GANGNAM STYLE(강남스타일) M/V
ItvDjeiqdlE,2026-02-25T09:00:08Z,우주소녀 WJSN 'Bloom hour' Official MV
x6peEfIQVGE,2026-02-24T09:01:20Z,"[MV] Parc Jae Jung(박재정), SULLYOON (NMIXX)(설윤 (NMIXX)) _ Always(지금 이대로만)"
sj0eG4iaJFw,2026-02-25T03:03:11Z,I Stay
YsfsxpJaYSw,2026-02-25T09:03:19Z,2AM in ITW
aCX2F0R5q9w,2026-02-25T03:03:08Z,real mc
kaJjuLHg0JU,2026-02-06T09:00:00Z,[Official Video] 노윤하 Roh Yun Ha - Too laid back (feat. DIMO REX)
n7AChRJK7tc,2026-02-26T09:00:01Z,어센트(ASC2NT) 1ST MINI ALBUM ‘Still Rose’ MV
VF5KiYpH-Pg,2026-02-26T03:04:43Z,TIC TIC (feat. Pabllo Vittar)
C6--84TzxZc,2026-02-26T03:00:12Z,ONE PACT 원팩트 ’SANE’ MV
ten6JjjGcH4,2026-02-26T09:01:36Z,Highs and Goodbyes
NBJWOnYONx0,2026-02-26T09:04:28Z,Shut Up
XQMg8-Ku3JI,2021-03-22T09:01:14Z,IITERNITI(이터니티) - I'm Real Official M/V
ewubELWBMaE,2026-02-27T09:00:51Z,RESCENE 'Busy Boy' Performance Video
v2QsMYk0E-g,2026-02-27T09:02:26Z,So Sweet (0522)
ZEbmZ18UHbo,2026-02-27T05:04:05Z,Keychain (FROM THE FILM K-POPS!)
pIfScZGDNsc,2026-02-24T09:01:11Z,ChoCo1 X ChoCo2 'GIMME' MV
dpwoihsh5o0,2026-02-27T09:00:10Z,"MV | 웬디 (WENDY), Alec Benjamin - EMOTIONS"
mRjqyekF46Y,2026-02-25T03:00:47Z,"[SOFA] JinE(이진이), SongSun(송선) - Muted(무음 모드) Ep.02"
xSM4nToXTj4,2026-02-26T09:02:03Z,"[QQQ] ""UNCOOL"" Official MV"
jBSuAbstfEA,2026-02-26T09:01:05Z,LAVIN 래빈 '사랑하고 싶지 않아(Junk Love)' MV
tWQei-65AGM,2026-02-26T10:03:37Z,Tongue Tied
4xH9MLD7bn0,2026-02-26T10:02:29Z,Flood
U-G3tZXWgiY,2026-02-24T09:00:01Z,예빛 (Yebit) ‘Traveler’ Official MV
YawOgI0Ha-c,2026-02-16T03:04:48Z,Can't erase you
HkzNJOpraaY,2026-02-26T09:04:31Z,SALAD DAYS
yg-L2yCo9-I,2026-02-28T09:00:05Z,"MUU (뮤) 'Hello, Wonderland' M/V"
v2bg-clO174,2026-02-28T09:03:44Z,Wasting Love
AEpCP4mHIVM,2026-02-27T03:02:36Z,매일 너를 불렀어
VtudVe3Evlg,2026-02-27T03:04:29Z,Pop Pop
dnL8tAmkZaU,2026-02-28T09:00:05Z,[MV] 이영지 - Robot
RR7JKnCvKV8,2026-03-02T09:00:38Z,임세준(LIM SEJUN) - Pray For God MV
7nXd6qAFHRY,2026-03-01T09:04:31Z,HIGHLIGHT
OGGGnYS_wZI,2026-02-11T03:00:33Z,idntt 아이덴티티 ‘All I Need’ id TRACK Video
wO3A4sgFVKk,2026-02-16T09:01:21Z,제비(JEBI) MV
Qw0GfFo_Rxw,2026-03-01T09:00:39Z,[MV] BANG YEDAM(방예담) - About Time | ✨In Your Radiant Season 찬란한 너의 계절에 OST
pAgRuO6h7OE,2026-01-21T09:00:02Z,AxMxP (에이엠피) - PASS MV
VseIEV6xl1c,2026-01-13T07:27:26Z,[Special Clip] 2NB(투앤비)  - If I Didn't Meet You That Day(그날 널 만나지 않았다면)
4quKTg17A94,2026-01-23T09:00:04Z,모모랜드 (MOMOLAND) - 𝒘𝒉𝒊𝒕𝒆 𝒔𝒑𝒓𝒊𝒏𝒈(하얀 봄) [Music Video]
oz25mlh1OS0,2026-01-25T01:55:29Z,JAMES LEE - DEAD STARS [Official MV]
qDpEcO1hlZE,2026-02-06T05:01:14Z,Ghost
1dhp-wdsyGY,2026-01-30T03:04:27Z,Crossing Stars [Arknights X Hebi] (Inst.)
cz3nrT-wxO4,2026-03-02T03:01:25Z,On my way
i_05y4X_yF0,2026-01-26T09:00:44Z,LA POEM 라포엠 'Alive' Special Clip
tUHmmMqV7pI,2026-02-05T15:00:01Z,MONSTA X 몬스타엑스 'growing pains' Self-cam MV
w7oZ9zoBemM,2026-02-11T11:00:02Z,TWS (투어스) '다시 만난 오늘' Performance Film
M77LOyP41N8,2026-02-01T09:00:27Z,[MV] 케이시(Kassy) – 그댈 위한 사랑 (A Love Just For You)
j-KceXc9xYE,2026-01-10T09:00:06Z,에스더(AESTHER) 'Starlight' Official M/V
QwZz22c7GqE,2026-03-02T09:00:02Z,정효빈 (Jeong Hyo Bean) - 처음이라서 (Rearranged Ver.)
_8PYDtiaVmk,2026-03-02T09:00:48Z,"B.I(비아이) BUZZIN (Feat. Coogie, GRAY) Visualizer"
LWCQQVqKGbU,2026-01-31T03:00:08Z,Billlie |  Official Visualizer Track 01. 'cloud palace'
zmAs8oS3_bw,2026-01-24T03:00:00Z,[MV] Hyun.O(현오) - Starlight Glaze
zmAedelGSu0,2026-01-29T03:01:57Z,Tired of falling in love
7Nm3ZFOlKik,2026-02-04T02:55:53Z,허공(虛空) (The Void)
VMJZi579yRA,2026-01-07T09:01:01Z,[essential; studio] '원필 (DAY6) - Wish' Official MV
gfXAQnuIW_M,2026-02-03T09:04:07Z,LANDFILL
bIuQqKZge7c,2026-01-21T09:00:00Z,최하리(CHOI HA RI) - 'JUMPER' M/V
npOGe6j5V9E,2026-02-05T09:01:26Z,Butterflies in my heart
lyQeRW9_D64,2026-01-30T09:04:44Z,Midnight Glow (No tail to tell : Original Television Soundtrack)
S15aSoTZT2g,2026-02-02T09:30:24Z,tripleS(트리플에스) '깨어' (Are You Alive) Instrumental
JC4UOrmdNZY,2026-02-06T09:00:36Z,"희재(SEVENUS), 형진 (디그니티) Heejae, HYEONGJIN - 어느 째즈바 (Memories) Official M/V"
xSx4g9c4yZU,2026-01-15T09:01:38Z,Intro : CRTK
2tSb1qUnOy0,2026-01-27T09:00:00Z,"이준호 ""사계(Always)"" Lyric Video"
WLcuwy8wx80,2026-02-06T09:04:07Z,home
C-6VN7S6QDc,2026-01-12T09:01:40Z,Rockstar (DK Solo)
lp8Y7q9yr74,2026-02-05T10:01:12Z,Goopy - Loved up (Official Visualizer)
pe3EWBY7SIc,2026-03-03T09:00:44Z,EVERGLOW (에버글로우) 'CODE' Official MV
AyQ2g0t8y1A,2026-03-02T09:00:10Z,넬(NELL) 'Deep Inside' Official MV
aZF-sSghjmw,2026-02-12T03:00:02Z,LEE JIHAM 이지함 - 'Too late' MV
cQESe4Jc0rE,2026-03-03T09:00:01Z,TUNEXX ‘내가 살아있다는 증거’ MV
j-lMql36j8c,2026-01-20T15:20:12Z,YENA「NEMONEMO - Japanese Ver. -」 Official Audio
obqsSgY4oU8,2026-01-27T09:01:14Z,영파씨 (YOUNG POSSE) 'VISA' MV
_zHsVAmk3kI,2026-01-22T10:01:41Z,Obsession (情结)
SERjkTtiKe8,2026-01-23T09:00:00Z,[MV] 화사 (HWASA) - FOOL FOR YOU | 프로젝트 Y (Original Motion Picture Soundtrack) | PROJECT Y
CTrgQ1U0EKA,2026-02-05T12:00:16Z,tripleS(トリプルエス) ∞! ‘トキメティック (Tokimetique) ’ Official Lyric Video
HM7UMkgHPC4,2026-03-03T09:00:19Z,Big Ocean 빅오션 'One Man Army' Official MV
0JKI59x_fZo,2026-02-06T09:05:47Z,"진.짜 신나잖아? ASTER ""RUMBLE"" OFFICIAL M/V"
--O5u5ln6-8,2026-01-16T09:00:01Z,"[신비아파트 10주년 극장판: 한 번 더, 소환 OST] 영재(TWS) - 한 번 더, 안녕 MV"
9FEfUCWI5Jw,2026-03-04T09:02:54Z,Judas Reborn
toz3MmGkypg,2026-03-04T09:01:15Z,김뮤지엄 (KIMMUSEUM) – SAD 1ER CRU /// Lyric Video (KOR/ENG/JPN)
RiWbMezuiCs,2026-03-03T09:00:37Z,[MV] Gavy NJ(가비엔제이) _ Sunflower(해바라기)
_o7mLf4oVkY,2026-03-02T03:03:40Z,Are we breaking up
4W7qezZKB6g,2026-03-03T15:00:08Z,NOWZ (나우즈) 'AMMO (feat. YRD Leo)' Performance Video
H81NsniDjTk,2026-02-27T09:04:01Z,Tiny Light
FucT66Sb6Zc,2026-02-25T09:00:31Z,ORORA (오로라) - Siren Song (Official Music Video)
wPvQXbgxJqk,2026-03-06T09:03:09Z,First Love
iAhWq2jVRH4,2026-03-06T09:02:16Z,What A Love
4TRS7y4qdWs,2026-03-05T14:59:59Z,윤하(YOUNHA) - Sub Character M/V
0K6tjifZzU4,2026-03-06T09:04:07Z,Perfect Love (feat. BE’O)
xLNmyB1iCig,2026-03-06T04:59:07Z,"GIRLSET ""Tweak"" Music Video"
9x1JkpHbHRk,2026-02-26T09:00:02Z,온유 ONEW 5TH EP [TOUGH LOVE] Album Preview
flC0Ajafv8Q,2026-03-05T09:00:02Z,민서(MINSEO) 'Deep Dawn' MV
Kh0IYZS9nXU,2026-03-06T05:01:26Z,like JENNIE (Extended Remix)
ISOI-3n4_ac,2026-03-04T03:04:18Z,You Loved Me First
nMwSsHkjmfk,2026-03-05T15:01:28Z,ATTITUDE
R57IaRgtQ_g,2026-03-07T03:01:37Z,Set It Off
RIjrFfKehis,2026-02-25T09:00:39Z,쿠빈 - 굿하이(Good High) [ Official MV ]
FeU8m9YEVSY,2026-03-09T09:00:02Z,NouerA (누에라) 'POP IT LIKE' MV
Gt0wRAFpwvg,2026-03-09T09:00:07Z,"KickFlip(킥플립) ""Twenty"" M/V"
LHUMzyMq084,2026-03-09T09:40:00Z,PUBG x ALLDAY PROJECT 'I DON'T BARGAIN' OFFICIAL M/V | PUBG 9th Anniversary
nXrQR-Tc_H4,2026-02-25T09:00:07Z,𝐂𝐇𝐀𝐒𝐄𝐑 '𝐈𝐍𝐕𝐈𝐍𝐂𝐈𝐁𝐋𝐄' 𝐌𝐕
RcU8cCdhNp4,2026-03-09T09:00:40Z,[MV] Solar x 告五人 '總有一顆屬於你的星球 (Your Own Star)' MV
qwmNcmuXMVA,2026-03-06T03:01:01Z,[MV] SUCTION(석션) _ Still Hurts(앓던니)
KzxOtaHsQEQ,2026-03-10T03:00:31Z,에이스 (ACE) 'Bonita' MV
DzV97MXTZx8,2026-03-09T12:00:04Z,aoen 'INSTANT CRUSH' Official MV
Wy4DRb1KfJ0,2026-03-10T03:00:29Z,여진(Loossemble) (YEOJIN) - Sugar talk MV
pJ9voGp361g,2026-03-10T03:04:48Z,Tame
h9roFEJv1sI,2026-02-12T09:00:56Z,MAZE
ItSKahBISg0,2026-03-11T09:00:30Z,YENA(최예나) - '캐치 캐치' M/V
8y3QgANqDz8,2026-03-10T09:01:32Z,CAMO - 말해줘 (Tell Me) [Official Music Video]
ioK78YucIjc,2026-03-11T09:00:04Z,AtHeart 앳하트 ‘Butterfly Doors’ Official MV
0cLcsKaoXew,2026-03-10T09:00:04Z,"DON MALIK, Hash Swan - LAKU (Official Music Video) [ENG]"
iiHXtBLfMcw,2026-03-10T09:00:02Z,[MV] ‘아 마음대로 다 된다!’ | Dragon Pony (드래곤포니) EP [RUN RUN RUN]
ejbFkYmX7kg,2026-03-11T09:00:01Z,Baby DONT Cry - 'Shapeshifter' MV
8_6UqnEjSU0,2026-03-11T09:00:22Z,In A Minute 'Broken Doll' M/V
NKh7ABN6iiM,2026-03-11T08:59:48Z,Hi-Fi Un!corn - “HUNGRY HEART” MV
tSCde4Aa2lg,2026-03-12T03:02:11Z,Busy Boy (Galantis Remix)
6j5dWsWh88s,2026-03-11T09:00:01Z,V01D(보이드) Tug of War MV
cNVN9zUZTFU,2026-03-10T03:02:03Z,pillar
m18dRRu9-V4,2026-03-12T09:00:03Z,P1Harmony (피원하모니) - ‘UNIQUE’ MV
_BzRriQWPwc,2026-03-12T09:04:43Z,Babyface
uCfhl1g-Ndw,2026-03-12T09:01:30Z,M.O.N.T [몬트] - 'Keep It Slow' OFFICIAL MV
yMzkPaFuXAc,2026-03-11T11:01:50Z,우예린(Woo Yerin) '기억의 실마리(the lost thread)' Official MV
nQGFMWcSgQg,2026-03-13T09:01:11Z,CRUCiAL STAR (크루셜스타) - Radish (Official Audio)
pWhZYfgc0IM,2026-03-13T09:02:14Z,Hidden Words
F-QSLxAyFes,2026-03-13T04:00:17Z,Endless Sun
tk-63EQaVLI,2026-03-13T09:01:37Z,If you do
ROsltpV-JIE,2026-03-13T09:00:43Z,AA (Alone Again)
61MUBevD2KM,2026-03-14T09:45:29Z,🎬 S2IT (에스투잇) 'What I Want'  M/V
_P7jeSQP1fY,2026-01-18T09:00:06Z,Re:Hearts 리하츠 ‘Persona’ MV
ud3ZuQQ1Zlo,2026-03-14T03:00:00Z,[MV] AFuture (에이퓨처) - 꿈의 나라 (Dream Land)
ScdULYbnjOs,2026-03-14T09:00:01Z,호시 (HOSHI) '아기자기' Official MV
zwOCGLpKC_M,2026-03-15T03:01:56Z,stomAchache
zjENKAVRrcs,2026-03-15T09:02:10Z,칵테일 사랑
8nBgDvhZdTU,2026-03-16T09:02:13Z,As I am
dLGfgnA7f68,2026-03-16T08:59:00Z,[OFFICIAL AUDIO] 민니 (MINNIE) - Hello :: 세이렌(Siren's Kiss) OST Part.3
pZxrtHizb98,2026-03-16T09:00:04Z,AB6IX (에이비식스) 'BOTTOMS UP' M/V
RyDxz9qlhA8,2026-03-15T15:04:54Z,Love All
9MSkAK58J7I,2026-03-11T09:00:23Z,SKINZ (스킨즈) ‘Poison Ivy’ OFFICIAL MV
DwhQzQigrw0,2026-03-15T09:00:00Z,시소 - 1972 (Official Video)
YIjvuYeaiZQ,2026-03-15T09:00:06Z,엔탑(N.TOP) 'Shining Star' MV
JnNeRXpzf6A,2026-03-10T15:00:00Z,CMDM - 'Leash'
sAGD0C8nuOk,2026-03-15T09:01:10Z,Alone in Goodbye
-RUZUakN4nI,2026-03-15T09:00:00Z,Please Love Her(Please Love Him)
4-ba6z64nlQ,2026-03-16T09:00:11Z,ALL(H)OURS (올아워즈) ‘DEAD MAN WALKING’ Official M/V
971SdN1aojk,2026-03-17T03:00:00Z,효진 (HYOJIN) - Teddy Bear Love (Official Music Video)
r13VjeHj8z0,2026-03-17T15:04:14Z,RUDE! (Japanese Ver.)
qPWlHgx_Oc0,2026-03-18T09:01:18Z,LATENCY (레이턴시) 'LATENCY'  MV
8uV7o3STxhc,2026-03-16T03:04:12Z,"Meet Me At Forever (with Yejong Kim, Yu seong Lee, Myeonghan Yu, James Keys, rummer. D, WONJUN)"
YgcyK6x1ZvU,2026-03-18T03:00:42Z,이로 (IRO) ‘Lazy Sunday’ Official MV
3yjLE7Z_lDs,2026-03-18T09:01:37Z,from. Sagittarius
icW0nFygkrM,2026-02-19T09:01:07Z,식케이(Sik-K) - STAY on FIRE (feat. DEAN) [Official MV]
HQsLcakiWXo,2026-02-27T09:00:32Z,윤새 (Yunsae) - Forevermore MV
KbD9w7oMXLw,2026-03-12T09:50:50Z,ODEE - PIPE DOWN (Official Visualizer)
6J7K9Wi8uJ4,2026-03-05T03:00:41Z,[MV] 매워 Red Hot by 롤링쿼츠 Rolling Quartz
IMQBEabuciY,2026-03-09T08:45:01Z,[LIVE CLIP] 북극성 (Polaris) - 류민희 Full Ver.
mI88XaC5DiU,2026-03-17T03:03:46Z,Prism of Love
FF5oFEcF-xY,2026-03-12T09:00:20Z,emoji (feat. Suen)
Y8aqyy0kpHA,2026-03-17T09:00:01Z,STRITZ 스트리츠 'HOPE (WE GOT THIS!)' MV
2v_b0rBgr1s,2026-03-14T03:04:04Z,All I love is you
CGketww5RLk,2026-02-11T09:00:17Z,JINSOL 이진솔 - Eternal Light (Official Video)
5zW4P_WpJ-U,2026-02-20T11:00:10Z,HORI7ON - Lunod (Special Film)
ZgeH3GkD_U0,2026-02-14T03:01:30Z,You
MW-oLdhz8aI,2026-03-10T09:00:30Z,[M/V] 임현식 (비투비) - Who's Real :: 세이렌(Siren's Kiss) OST Part.2
2SHkpzwi_-o,2026-03-18T03:00:06Z,AmbiO (엠비오) [Boys be Ambitious] 'SHOWTIME' M/V
E9PARNJYNM0,2026-03-19T09:02:32Z,Dear Friend
qd-CuEYh6lw,2026-03-18T09:01:17Z,[Audio] RYUL D/S [문제]
lUJ3JEAp-II,2026-03-21T09:00:00Z,비투비 (BTOB) '우리 다시' Special Clip
DiS9MZV2ZuI,2026-03-20T09:00:22Z,"[Official Performance] cosmosy ""Chance ~ 사랑이라 말하기 전에 ~"" | 🖤 Switch ON"
FG5cO26pzb4,2026-03-19T03:01:13Z,Tree
NlQlHpSq9Tk,2026-03-21T09:02:34Z,F KILLER
JFhVuvzWEVI,2026-03-21T03:00:00Z,[MV] AFuture (에이퓨처) - 봄 소나기 (Spring Shower) Performance Video
Wo4cQlVHPFc,2026-01-16T03:01:53Z,TROPHY (YOON YE CHAN Remix)
pFKNeC5-MiM,2026-03-08T09:01:15Z,"[방과후 태리쌤 (Curtain Up, Class) OST]  석매튜, 김태래, 박건욱 (ZEROBASEONE) - 오늘은 그냥 GO! (Let’s Just Go!) MV"
ACPODVhhACY,2026-01-20T09:00:16Z,[스프링 피버 (Spring Fever) OST Part 5] 성한빈 (SUNG HAN BIN)(ZEROBASEONE) - 너란 봄 (You Are Spring) MV
8a90HBQs3FU,2026-03-23T09:01:31Z,MOVEURBODY 춤춰
MH04dQ-1wY8,2026-03-23T09:02:06Z,Friends to Lovers
J7OhGsGbaM4,2026-03-23T09:00:01Z,OWIS (오위스) 'MUSEUM' MV
JrXdLoA8L7Y,2026-03-23T09:03:55Z,u
SVtiAnU7JnM,2026-03-23T09:00:02Z,[essential; studio] 'TWS(투어스) X 24kGoldn - YOU LIKE IT I LOVE IT ' Official MV
y8omlVISMfU,2026-03-22T09:00:06Z,비몽-작은섬 Official MV
x0FwbTiD3iA,2026-03-23T08:58:06Z,YUNA “Ice Cream” M/V
DdGXfZaSpwY,2025-11-28T09:00:17Z,[Official M/V] cosmosy “Physics ~ 物理的な ~“
ZTXWmB--TUA,2026-03-17T09:00:51Z,Catch Catch (Sped Up)
P2llSm9tZvA,2026-03-23T09:00:22Z,LNGSHOT - [Vanilla Days] Official Audio
TUHZKn78E5I,2026-03-25T09:00:01Z,SF9 ‘Love Comes Slowly’ LIVE VIDEO
A8VJqH1emaw,,
pLKOEfMc09E,2026-03-25T09:01:13Z,[MV] 문별 (Moon Byul) 'Hertz'
tExRQj5h5H0,2026-03-24T03:02:35Z,Wish You Were Here
swuhhziz3dM,2026-03-25T04:00:48Z,"별, 빛 (STAY)"
qN0QYe1lMnk,2026-03-25T09:01:10Z,BAO(바오) - '1LOVE' MV
kG68WXnzSbQ,2026-03-25T09:00:03Z,"Xdinary Heroes ""X room"" M/V"
x4ofq8se8B0,2026-03-22T03:04:34Z,Undelivered
5IpijccabU4,2026-03-25T03:00:52Z,"BamBam, Nadech - ไปอีก (Ready for MORE) M/V"
wLjzdSye6Rg,2026-01-10T03:02:04Z,Dance! (Sped up)
QPp3WTt0ivM,2026-03-18T09:00:00Z,그대에게 불러봐요 - 정소연(JungSoyeon)
RHKpIJbwIa8,2026-03-26T09:04:37Z,Merry go round
C9OxiWmYSyM,2026-03-17T09:04:59Z,Swipe It Out
kS0lwh7obpA,2026-03-26T09:01:01Z,"LOVE AGAIN..? (Feat. Layone, RAS, MOLY)"
jvOFx6wOkg0,2026-03-26T09:04:42Z,TOO LATE
qg4KF1DQuuk,2026-03-25T10:01:47Z,Breaking Through
msOGCJC-EgI,2026-03-26T09:00:31Z,DIGNITY (디그니티) 'SLIPSHOT' OFFICIAL MV
KYAsgMDTu6c,2026-03-25T09:04:42Z,Sunshine on Demand
6At0eXB8PTQ,2026-03-26T09:00:08Z,원슈타인 (Wonstein) 'everybody dies' Official Visualizer
VS5tx9LrLo0,2026-03-26T09:00:13Z,KANGMIN - 'Free Falling' Official MV
b4iVv91Z6lY,2026-03-20T03:58:06Z,BTS (방탄소년단) ‘SWIM’ Official MV
wu7b0oYIMG4,2026-03-26T09:01:12Z,CSR(첫사랑) '숨길 수 없는 맘인걸' [ Official MV ]
1Ni-fIXHqE8,2026-03-26T03:03:13Z,bad beach boys
EU8zYwRc9js,2026-03-27T09:00:30Z,Hearts2Hearts 하츠투하츠 'RUDE! (Silly Silky Remix)' MV
8j5WQOjY34Q,2026-03-20T03:04:14Z,MDLZ (With. PENOMECO)
2_tA7-GQH1A,2026-03-26T09:00:04Z,[M/V] 소수빈 (So Soo Bin) - every!
MaCtXQwta_E,2026-03-27T04:01:36Z,Ice Cream (English Ver.)
SZlfyoPC_c8,2026-03-27T09:00:00Z,[MV] 조권(JO KWON) - Like I Do
bQtykP25A-g,2026-03-27T04:01:17Z,Long Way Home
XmXy-4oN5Lc,2026-03-27T03:01:50Z,Robbing (Prod. by Matthew)
SGpWyUFdG2w,2026-03-27T09:03:55Z,TORO (feat. Crush)
1mlDoj5ZsDY,2026-03-27T03:00:01Z,SAVE
ZoI7nREAwPw,2026-03-17T10:03:14Z,Flower Pot
7NlrzMwoU0U,2026-03-29T09:04:40Z,추억이 될까봐
bMihQ2wLKMI,,
vYCZ4xYvsac,2026-03-28T09:00:59Z,You & Me
gZt_jJh1vUI,2026-03-16T09:00:00Z,[MV] NXMERCY - BURN THE BLUE
pN0Po0OdF44,2026-03-14T03:04:55Z,JUP
x7wLlK9MMN4,2026-03-30T09:00:00Z,IRENE 아이린 'Biggest Fan' MV
CAS-rXb-cZs,2026-01-24T03:00:12Z,키제 (Ki:XÉ) - BOMB! MV
BjIIlpUmhOQ,2026-03-30T03:00:05Z,[유히필 신곡 공개] 이오욱 - 니가 있는 곳
jyUGIDbK12I,2026-03-29T14:01:20Z,"[대한민국에서 건물주 되는 법 (Mad Concrete Dreams) OST] 태용 (TAEYONG), 해찬 (HAECHAN) - Bitter Sweet (Addiction) MV"
S2qaSh1_sg8,2026-02-05T08:59:56Z,THE SSYNDROME (더씬드롬) 'Good Boy' MV
dmsw-tEenZ0,2026-03-30T09:00:06Z,씨야 SEEYA - 그럼에도 우린 Official MV
-Wa0StGAjqY,2026-02-26T10:02:09Z,unknown
yiPTOpGWaeM,2026-03-30T09:00:05Z,"원필(WONPIL) ""사랑병동"" M/V"
P_iyAH59kCs,2026-03-30T03:00:31Z,303
wTeVeqqz1kI,2026-02-10T03:01:07Z,이대열 (LEE DAEYEOL) - 별 나무 (Where Stars Grow) MV
bafIMw8apHs,2026-03-31T11:00:06Z,MELONii 'RiskyRisky' Official MV
aKulGTx2hzY,2026-03-31T09:00:04Z,Jeong Sewoon - Love in the Margins (Official Video)
Gk3sKhxTN74,2026-03-30T09:00:26Z,장한음(JANG HANEUM) - WANNA Official MV
AMwK8YGZGnU,2026-03-31T09:00:03Z,Kep1er 케플러 l 'KILLA (Face the other me)' M/V
mD_zpce3fr8,2026-03-30T09:04:07Z,My love who will never return
lvpNFKmAN3w,2026-03-31T09:00:50Z,ZELO (젤로) 'Cola Comigo' | Official MV
-pJUkl65xy4,2026-03-31T09:04:43Z,Yaah rrr . (with mokyo)
mfX0Zhm9PUA,2026-03-31T15:00:00Z,LIKE YOU BETTER (Japanese ver.)
472MqaZF3kg,2026-04-01T09:00:06Z,KINO - TAXI [Official Music Video]
stvqgbukKPg,2026-04-01T09:04:43Z,"SAVAGE (feat. Bryan Chase, Jvcki Wai)"
n5k0_F9iJJo,2026-04-01T02:08:00Z,THE 8 Digital Single ‘四月的漂流 (April Drift)’ Concept Short
giRRt-26SYI,2026-04-01T11:00:56Z,[LIVE CLIP] 10CM/십센치 - 준비된 어깨 (2026 ver.) | First Date (2026 ver.)
5NuJlWcuITs,2026-04-02T03:00:00Z,AWU - Rose (Official Audio)
K-F7906Jq9U,2026-04-01T11:30:04Z,PLAVE '흥흥흥 (feat. SOLE)' Special Video
qotGIY7DZTc,2026-04-01T09:00:56Z,The Late Regret
y2_dysO89B0,2026-04-01T12:00:00Z,MYNAME「TIME'S UP」(Official MV)
xP_nrIzsH-8,2026-04-02T08:58:06Z,전소민 (SOMIN of KARD) - 'Backseat' MV
pDL_MH2DsEY,2026-01-30T15:02:03Z,HELLO - NAZE on DREAM STAGE -
2EFwncas9Z4,2026-04-03T07:00:01Z,MONSTA X 몬스타엑스 'heal' MV
iSXjamHaMH8,2026-02-28T09:00:00Z,"NAZE ｢Isn't She Lovely?｣ OFFICIAL MV | 金曜ドラマ『DREAM STAGE』【TBS】[ENG,KOR,CHS SUB]"
ZB-tSt_8M7M,2026-04-02T09:00:40Z,ASH ISLAND - '물 (Feat. 카더가든)' M/V
V_GcryUV3Io,2026-04-03T09:00:42Z,Studio54
2qU19-8hk0g,2026-03-28T03:04:18Z,서이브(Seo EVE) '당근이 싫어(No Carrots)' Official MV #seoeve #nocarrots #MV
z6qyEfH2D-o,2026-04-03T04:01:59Z,The Show
fxCe-dQZtIc,2026-04-03T03:00:43Z,"ISHA(이샤) - ""F the Love"" Official MV"
HJYm0RlFnXE,2026-04-03T03:00:29Z,[M/V] ONEWE(원위) 용훈 - Run (언제나 다시 만나 OST Part. 5)
npuDCtzhF1k,2026-04-02T03:00:49Z,[MV] ROO (루) -  Vibin' (Lyrics Video)
QJwZyyQwIpU,2026-04-03T09:01:29Z,Happy Death Day
qrzKsS-4lZo,2026-04-02T09:00:06Z,[MV] 한로로 (HANRORO) - 게임 오버 ? (GAME OVER ?)
S1bfg8s4OV8,2026-04-02T15:03:36Z,Fashion
P8lUsa619bc,2026-04-03T09:01:41Z,DTT (Don't Think Twice)
HRtza6h12yU,2026-03-29T09:03:31Z,Waiting For You
uwJWPrqe5EM,2026-04-03T04:00:00Z,Min Jiwoon 민지운 'Feel It Too' MV
kcpmKTnAHFM,2026-01-17T09:00:00Z,"NAZE「BABYBOO」Music Video | 金曜ドラマ『DREAM STAGE』【TBS】[ENG,KOR,CHS SUB]"
vBifhZtfELE,2026-04-02T09:03:35Z,Stay In My Lane
bIlVqNb8mYs,2026-02-14T09:00:00Z,"NAZE ｢Little Star｣ Performance Video | 金曜ドラマ『DREAM STAGE』【TBS】[ENG,KOR,CHS SUB]"
UOfJCZDqQb0,2026-03-31T09:00:06Z,RAWBURN - 'RAWBURN' MV
Cp3ejSQk7tg,2026-04-04T07:00:09Z,dita 'R.I.P' Official Visualizer
Kx6-6lLEc6U,2026-04-02T09:00:18Z,"‘FOCKIT’ Official MV | pH-1, Woodie Gochild, BIG Naughty (서동현), 릴보이 (lIlBOI)"
KuigNsDB8zw,2026-04-06T09:00:07Z,하현상 (Ha Hyun Sang) - 오디세이 (Odyssey) M/V
uflGpiktsHU,2026-04-05T16:50:05Z,TXT (투모로우바이투게더) 7TH YEAR: 가시덤불에 잠시 바람이 멈췄을 때 Preview Ver.2 'Bed of Thorns'
OZ44P4JU87E,2026-04-05T15:02:30Z,Bubee
Wtifc7TTHEQ,2026-04-06T08:59:06Z,MW:MEU (뮤) 'Gummy Clock' Official MV
b9M9-BtreL4,2026-04-02T03:00:12Z,[MV] #FW Roll the dice by Rolling Quartz 롤링쿼츠 (feat. LEE SIYEON of ChRocktikal / prod. 윤도현 of YB)
ygYPwsjyCzQ,2026-04-06T09:00:07Z,KISS OF LIFE (키스오브라이프) 'Who is she' Official Music Video
6S-_nPxtTnY,2026-04-06T09:00:05Z,Allergy
yHsJpkQtaus,2026-04-06T09:00:24Z,"Sik-K, Lil Moshpit - PUBLIC ENEMIES (Feat. OSUN, Iyaan, Jeffrey White, Raf Sandou) (Official Audio)"
7abcAxCg2LA,2026-04-06T09:00:14Z,[Lyrics Video] 솔라 (마마무) - 나의 바람은
MfipEXSvtjg,2026-04-07T09:00:05Z,"DAYOUNG (다영) ""What's a girl to do"" Official MV"
SNn_H_Q2moo,2026-04-07T09:00:06Z,"AKMU - '기쁨, 슬픔, 아름다운 마음 (Joy, Sorrow, A Beautiful Heart)' M/V"
-QBw5I4kn3g,2026-04-05T09:00:00Z,이소정 (LEE SO JUNG) '니가 다 망친 거야' MV
7IGZhI_1E6g,2026-04-06T11:07:19Z,[MV] 유정(kim yujeong) - Beautiful sunlight 🌸
2yj0FlkF6VE,2026-04-07T09:00:05Z,"DONGHAE ‘Good Day (Feat.박재범, 1iL)’ MV"
oEcfOzYWLSY,2026-03-26T09:00:01Z,KEYVITUP(키빗업) ‘BEST ONE’ MV
23m3sKBgf7E,2026-04-04T09:00:06Z,김혜림 (HyeRim) [4th] - 날개 (Wings)
vopGeyv646g,2026-04-07T09:01:23Z,[MV] YOUNG POSSE(영파씨) _ we don't go to bed tonight
rWzLBz2O4L8,2026-04-05T09:13:34Z,자정(JAJUNG) ｜ 눈부시게 빛나는 봄이야 Live Clip
62BGFV9A2Ig,2026-04-08T09:00:07Z,[MV] 가호(Gaho) - To Mars
ZJm1CtGefsk,2026-04-03T09:02:01Z,OMG
wRZ1MdBoUq0,2026-04-08T09:03:54Z,앰퍼샌드원 (AMPERS&ONE) 'GOD' MV
_F8i7y5D_aM,2026-04-07T16:27:42Z,Deepflow - Curry (Fetch Video)
OIGPIiPplTc,2026-04-08T09:00:36Z,[MV] hrtz.wav (하츠웨이브) _ NINETEEN
knsvd1s25hQ,2026-04-08T09:01:00Z,[MV] RISABAE 이사배 - SPECTRUM
rsZwrTNklos,2026-04-08T08:59:52Z,RESCENE (리센느) 'Runaway' Official MV
1vcwOOfbr7g,2026-04-08T09:00:08Z,KANGSEUNGSIK 강승식 '기억의 잔상' Official MV
bMqP5bv1emI,2026-04-07T19:20:31Z,KISU - 'Numbers' MV
tCnVbA-f7qA,2026-02-09T15:01:39Z,【Rock Hyeon】I WANT YOU VideoClip
tzGw9LOZhDA,2026-03-13T22:24:53Z,KARLEE GIRL - Right Back! (Official Video)
aylyn0E-PbA,,
MTjaH8Nk4m8,2026-03-31T15:37:50Z,I'm not alone
7F1ET2XHQfk,2026-04-08T03:31:22Z,"KATSEYE (캣츠아이) ""PINKY UP"" Official MV"
YEMBk076jGM,2026-04-09T08:59:59Z,화사 (HWASA) - 'So Cute' MV
dKmPEhJ4wjY,2026-04-08T15:00:06Z,"Anyma, LISA - Bad Angel (Official Music Video)"
Jaew7AqWaJQ,2026-04-08T09:00:24Z,"W3WAY (위웨이) - ‘우리, 봄’ MV"
Uhfzm92uZ_I,2026-04-10T09:02:39Z,First Name
cB068G7jseg,2026-04-10T09:26:07Z,"ZENE THE ZILLA, Hash Swan, Nosun - 130 메트로놈 (Official Music Video) [ENG]"
kiCi4-plFUA,2026-04-10T09:01:16Z,My Pace
GVaA2Avsb4k,2026-04-10T09:00:32Z,넬(NELL) '상실의 관성' Official MV
QWhHYopwlaE,2026-04-10T04:00:25Z,SWIM (Underwater Remix)
hHAQcVqbJ6g,2026-04-09T09:00:06Z,ASTER – Holy Moly
K1Pq_LETafQ,2026-04-11T09:00:25Z,Relax A Bit
0PZ4fElBkS8,2026-04-11T09:02:38Z,Go On
9tCLAEcRW5M,2026-04-04T09:00:10Z,Royal 44 - Checkmate (Official Audio)
9eDb53_yTyM,2026-03-23T03:00:00Z,[MV] 정승환 - 모든날이 | 미혼남녀의 효율적 만남 OST Part.4 | The Practical Guide to Love
0JW2A0GqB5U,2026-04-12T08:59:26Z,KIMKIPYØ - 'CHECK OUT' MV
rp-AiX_r6gU,2026-04-13T09:00:00Z,[MV] DNA - Stronger
s4wPrKom3cw,2026-04-10T12:00:06Z,RAYEON - MÊ CUNG (ft CÔNG DƯƠNG) | OFFICIAL MUSIC VIDEO
KaOumNboHz4,2026-04-13T03:00:30Z,Bloom Again (Prod by Yoon Ilsang)
w6vKt3MsnPE,2026-04-12T09:01:13Z,[MV] Kim yeon ji(김연지) _ Heels(구두)
iYkraEzsQ1g,2026-04-13T09:00:52Z,[essential; studio] ' 도겸X승관 (SEVENTEEN) - Feel Me ' Official MV
Xk0dFAkAhgo,2026-03-09T03:00:27Z,윤마치 (MRCH) - I Feel Special (미혼남녀의 효율적 만남 OST) [Music VIdeo]
vnAH7q-N_-Q,2026-04-13T03:00:00Z,JAY CHANG (제이창) - HIGHER OFFICIAL MV
qw5SpCyQNLQ,2026-04-11T09:01:28Z,How Far Would You Go
teGrm3A3b6g,2026-04-12T09:01:12Z,Anda - The Day We Were(그날의 우리) | 🥼 Doctor Shin 닥터신 OST
ukcanytrH3s,2026-03-30T03:00:39Z,보라미유 -  비밀편지 (미혼남녀의 효율적 만남 OST) [Music Video]
cX0TF4A7ulQ,2026-04-07T09:03:20Z,The Difference Between Galbi Jjim and Jjim Galbi
FLw8FIdBunI,2026-04-13T09:04:08Z,No Comment
kK4kGeB5mQs,2026-04-13T09:01:03Z,MODYSSEY 모디세이 'HOOK(훜)' Official MV
Q120WlxVxdk,2026-04-12T15:00:41Z,NCT WISH 엔시티 위시 'Sticky' MV
_WDhLMNAukc,2026-03-16T03:00:37Z,HYNN (박혜원) - 멈추지마요 (미혼남녀의 효율적 만남 OST) [Music Video]
sJRDdnkomhw,2026-04-08T03:00:53Z,[MV] 신지윤 - Logout (사랑해 악마 OST)
dLkfa-X_H9E,2026-04-13T09:00:53Z,Bubee (Korean Ver.)
8hU6P7MmRyk,2026-04-12T15:00:04Z,&TEAM 'We on Fire' Official MV
Q79ML1vOCcU,2026-04-14T09:00:00Z,[MV] 5TION(오션) - On Your Side(그대 편이에요)
nNR74qU3VXA,2026-04-14T09:00:01Z,우원재 (Woo) - '싸가지 (Feat. 비비 (BIBI))' MV
WoPlpIz2P0I,2026-04-14T09:00:51Z,Maybe Love
cjmUDgmzUWw,2026-04-14T09:01:01Z,DXMON(다이몬) 'SSS (She's Sweet & Sour)' Official MV
tqnRgZIWORI,2026-04-15T09:04:46Z,개화
e-bwzm8-xnU,2026-04-15T09:00:03Z,ifeye (이프아이) 'Hazy (Daisy)' MV
BJfKLlFySQs,2026-04-14T10:03:00Z,I'm Not Fine
8_HPIJfRbpI,2026-04-14T15:00:01Z,엔젤노이즈(ANGEL NOISE) ‘나를 찾지마’ MV
6GUKqEfiX1I,2026-04-15T09:00:09Z,HITGS(힛지스) 'Cherry Blossom' MV
PfsK2VFci5Q,2026-04-15T09:00:01Z,BE BOYS (비보이즈) '슬램덩크 (SLAM DUNK)' Official MV
XgplTOjZatA,2026-04-15T09:02:33Z,Share The World -RED OCEAN Ver.-
2GOl_ku6-Hs,2026-04-15T09:00:07Z,ALL'N (올린) - We Up (Official Music Video)
GKu20OT657k,2026-04-14T09:02:15Z,If I Could Read Your Mind (2026 Ver.)
AEjI1n2Tgv0,2026-01-23T03:03:28Z,basegod sofa (Feat. PAXXWORD)
t2gJ2szo-60,2026-04-16T09:00:33Z,MV | ARISE (어라이즈) - RUN IT | RE:BOOT EP.1
tP7djdhTUUE,2026-04-16T03:00:55Z,SUMMER CAKE (썸머케익) - Weakness MV
ZNdMrUCOLqQ,2026-03-03T14:00:31Z,Eric Nam 에릭남 - How The Fire Started (Official Music Video)
9OXa07b_Uac,2026-04-15T03:00:09Z,[MV] sohlhee(솔희) _ stay
xnwOfIiZ-zQ,2026-04-16T08:59:00Z,휘인(Whee In) The Symphony of Fxxkboys MV
n4eYZv1QlSM,2026-04-16T09:00:00Z,탑현 - 까만안경 MV
_wd-uFI3Njc,2026-04-16T03:03:24Z,WYA?
V0wcIPdbm_A,2026-04-16T09:00:45Z,김뮤지엄(KIMMUSEUM) - 3월 33일 (Official Audio)(Lyric)
kPHG7TbAVXQ,2026-04-14T15:01:32Z,千葉雄喜 (Yuki Chiba) & Lil Moshpit ーアニョハセヨ (Sik-K Remix) (Annyeonghaseyo) (안녕하세요) (Official Audio)
Jv0vqhWRbe8,2026-02-11T15:00:36Z,千葉雄喜 (Yuki Chiba) & Lil Moshpit ーアニョハセヨ (Annyeonghaseyo) (안녕하세요) [Official Music Video]
fcFlHmkY-ZI,2026-04-16T09:00:55Z,소유 (SOYOU) 'See through' MV
zxs0N9_94Zs,2026-04-17T04:00:06Z,ADÉLA - KGB (Official Music Video)
E-DoiGgwze4,2026-01-16T09:00:28Z,[MV] Tophyun(탑현) _ Kidult(어른이 되어버린 소년은)
2mUjLyyZOW0,2026-04-13T14:00:04Z,"[Official M/V] cosmosy ""Silence ~ body & soul ~"""
bwANnNaPGgk,2026-03-26T03:03:54Z,난 모든 기억을 지워야만 했어
qSewOUTWues,2026-04-14T15:01:35Z,Youth
X1O6JR4BXU0,2026-04-01T10:01:40Z,Not Okay
FX5YsDRRwiw,2026-04-17T04:00:04Z,TAEYONG 태용 'Rock Solid (Feat. Anderson .Paak)' MV
Uw15hkEiTjw,2026-01-18T03:00:00Z,KIK - Sun (Official Video)
04l_GY_v5Wk,2026-04-17T04:00:03Z,Yves 'NAIL (feat.Lolo Zouaï)‘ Official MV
RJmuGJKSYK8,2026-04-17T09:03:05Z,No Doubt
YZ8hlzxVwb8,2026-04-17T09:02:32Z,Flower
ceJ0qvgaxmI,2026-04-17T03:01:59Z,Love Me Crazy
CzpCZPD8Xmc,2026-04-16T03:03:58Z,Good Night Good Morning
P5TKt6l1Tz8,2026-04-18T03:01:43Z,Because I Loved(사랑하기에 미워할 수 있었다)
puY8TlKCenU,2026-04-17T08:41:27Z,쿠빈 - 어른이 되어버린 소녀는 [ Official MV ]
cJ-h5gxPmHs,2026-04-18T03:00:45Z,NOTES (채은X가현) '너의 노래' Official MV
GWgJFJJVyl0,2026-04-18T09:00:00Z,Hustle Life | Official Video (MV)
UGYR8AhDDEg,2026-04-19T08:59:06Z,MW:MEU (뮤) 'Paper Plane' Official MV
uHRRrnhTDiQ,2026-04-18T09:01:14Z,DEUX (듀스) ‘또 하루’ (Another Day) MV
3sKKVJ_jfAs,2026-04-18T09:02:01Z,Behind The Shine
qMm0gWRpWFU,2026-04-18T09:04:11Z,Distance
7oxaTPvKP6g,2026-02-12T15:01:06Z,KISEO (키세오) - 「Epilogue」 | Feel the Force (2026.01.09) Digest Video 
fnfaeIWp5lI,2026-03-03T09:01:01Z,Half of Me
U6BDbXIah-Y,2026-04-20T08:58:06Z,CORTIS (코르티스) 'REDRED' Official MV
VxzIGplyFNc,2026-04-19T13:08:26Z,Apink (에이핑크) ‘15th Season’ M/V
v6QDpTMB23w,2026-04-18T09:01:15Z,"[🎬𝙎𝙩𝙪𝙙𝙞𝙤 𝙘𝙡𝙞𝙥] 디에이드(The Ade) - 아릿하다, 너라는 기억은"
YaD9tfBeFfs,2026-04-20T09:02:28Z,Tonight
QETyA3sR60Y,2026-04-19T09:00:38Z,[MV] Nam Gyu ri(남규리) _ Love's Greeting 2026(사랑의 인사 2026)
8wKz7rN2pAk,2026-04-13T07:20:00Z,BILL STAX - 차무식 (Ft. Leellamarz)
YJ9s1dCYqV4,2026-01-08T03:00:43Z,지민(JIMIN) - '0108' MV
UKxqiUMesc8,2026-04-19T09:01:22Z,"My Lane, My Limit"
sadl9Ujgnms,2026-04-20T09:00:04Z,EVNNE (이븐) '뱉어 (Backtalk)' Official MV
5qGHUPfF3tM,2026-04-21T09:00:07Z,B1A4(비원에이포) '가위바위보(Rock Paper Scissors)' Official MV
pkea5SglAHg,2026-02-01T08:00:58Z,구슬요 바람에 기대어 너를 불러본다 Original MV
aJMpcmUobD0,2026-04-20T09:01:54Z,Key Beats (Preview)
O8dR2eWKq8A,2026-04-21T09:00:01Z,CLOSE YOUR EYES 'POSE' MV
om5Px6IVyEI,2026-04-20T09:03:20Z,I CAN'T BELIEVE
m7tmgK3RR3g,2026-02-13T09:04:39Z,CAN'T STOP
JUZQS-LhQY0,2026-03-19T09:02:42Z,FOR ME
Dj5SOqo92OU,2026-04-21T09:00:19Z,[유미의 세포들 시즌3 (Yumi's Cells 3) OST Part 3] 한 (HAN) (Stray Kids) - Let It Show MV
wWvu34x2INc,2026-04-21T09:00:01Z,UNCHILD 언차일드 'UNCHILD' MV
vHDuZUfrnT4,2026-04-22T03:00:57Z,Olivia Marsh (올리비아 마쉬) 'Paraglider' Official MV
GWoKVMMLkuA,2026-04-22T09:00:25Z,[Visualizer] 볼빨간사춘기 BOL4 'Find You'
HnBSiikXMjU,2026-04-22T09:00:32Z,DA$H
yoOJHtj2egE,2026-04-22T09:00:10Z,김재환 (KIM JAE HWAN) - 지금 데리러 갈게 (I’ll Be There) M/V
dGkVTpg2ojY,2026-02-01T13:00:05Z,BOYNEXTAGE | 'Nice Guy' Stage CAM @ ‘KNOCK ON Vol.1’ FINAL - BOYNEXTDOOR (보이넥스트도어)
Ys3CILVbK2c,2026-02-13T09:00:51Z,AVOKID - Away (Official Lyric Video)
-aY63527pYo,2026-02-11T15:00:06Z,"BOYNEXTDOOR (보이넥스트도어) 'Buldak Hotter Than My EX Ver.(Original song: Earth, Wind & Fire)' Official MV"
nBBYmYvsbP0,2026-04-08T09:00:06Z,INI｜'All 4 U' Official MV
qQEDjLd5ETw,2026-03-26T16:02:30Z,Play Along
5TG_4h29VIg,2026-04-21T15:02:17Z,HIDE AND SEEK
oTh3icTtJ64,2026-04-23T09:00:04Z,ChRocktikal (크록티칼) ‘나비 (奈祕)' (Official Audio)
wUugTlPlSNw,2026-04-23T09:01:28Z,Love is Forever
nD08BQ-T80k,2026-04-22T09:01:38Z,"First Snow, That Day"
T9OeXyLzZlw,2026-02-10T09:00:42Z,"Molly Yam, DIMO REX - 넌 날 미치게 만들겠지만 (You make me crzy) (Official Music Video)"
-XCN1YYLXss,2026-04-10T09:00:06Z,DIMO REX (디모렉스) - 'SAY MY NAME' M/V
mOH1A0zZI2Y,2026-04-24T09:00:02Z,[SUB] 거미(GUMMY) X 승관(SEUNGKWAN) - '봄처럼 넌' Live Clip
Y7ttKwp76Dg,2026-04-24T09:00:35Z,ILHOON - closet (Feat. ZENE THE ZILLA) (Official Lyric Video)
d0rNr_rDAzc,2026-04-23T10:00:51Z,LEECHANGSUB 이창섭 - ‘우리들의 동화’ Official Audio
FmX81RnQNIM,2026-04-23T09:00:32Z,[Audio] RYUL D/S [POV]
KyK5hMq97tY,2026-04-15T18:00:06Z,Jeena - Flood (Push-Up Bra LA Sessions)
S-gqL53ys6c,2026-04-03T12:00:06Z,"DIMO REX (디모렉스), CODE KUNST (코드쿤스트)  - 'BLESSIN' (Official Visualizer)"
7jr4H6M1hUU,2026-04-23T09:00:19Z,[MV] 10CM - 섬(Isle of Me) | 오늘도 매진했습니다(Sold Out On You) OST part 2
DaI8s1s3phM,2026-04-24T09:02:04Z,Our Goodbye
a2grcJdfXmY,2026-04-24T03:58:06Z,LE SSERAFIM (르세라핌) 'CELEBRATION' OFFICIAL MV
zkYeq7V30Pg,2026-04-24T09:01:01Z,소란(𝗦𝗢𝗥𝗔𝗡) 𝗗𝗦 '딜리버리(𝘿𝙚𝙡𝙞𝙫𝙚𝙧𝙮)' 𝗢𝗳𝗳𝗶𝗰𝗶𝗮𝗹 𝗠𝗩
43WPof6Scmw,2026-04-23T11:30:15Z,포레스텔라(Forestella) ‘Armageddon’ Lyric Video
AJjVSg4Y7r4,2026-04-24T09:03:32Z,love me like i do
20X2OC0OkbU,2026-04-08T18:00:06Z,Jeena - Flourish (Push-Up Bra LA Sessions)
zpEcTuch36g,2026-04-25T09:01:27Z,EVERGLOW
HosGMY8IcGk,2026-04-25T04:00:00Z,MiMi (미미) 'Pop Pink Apple' MV
j1ppbHUneEk,2026-04-25T09:00:56Z,SW:C(스윗치)_HEAVXXIVEN(헤븐)🎞 MV
smdAFbNOh4Q,2026-04-26T09:00:28Z,"Marv, PAAK - Voo Doo M/V"
dUbylctYQXg,2026-04-26T09:04:48Z,조각
z0Mgn0b5VfM,2026-04-25T03:01:49Z,Love like this
pG3gGw8qmhY,2026-04-26T09:03:17Z,Shall We Get Married
TUlXhDrkb0M,2026-03-12T09:03:41Z,Outcast
JysxamgACVo,2026-04-25T09:02:02Z,Starlight
DaXX_2Eg08Q,2026-04-25T03:02:03Z,Sweet & Sour
fDiGKBjGT1c,2026-04-20T03:00:00Z,[MV] Kim Min Seok(김민석) (MeloMance)(멜로망스) - Be with U(내가 있을게)
vWENZpk7dno,2026-04-26T09:02:30Z,Memento Mori
eQtMa9xjCo8,2026-04-25T09:00:48Z,Different Summer (Band Ver.)
5Qiv8xGkxP8,2026-04-27T09:00:11Z,박준일 Park Junil 'ECHO' MV
9VH0hLImWjY,2026-04-27T09:00:10Z,XngHan&Xoul 승한앤소울 'Glow' MV
NsYJjBCPe0A,2026-04-27T09:00:28Z,후이 (HUI) Digital Single '내일의 나에게' M/V
k3TODjcAKyU,2026-04-26T03:03:04Z,그댈 향한 마음이
PIgmxjozeCU,2026-04-27T09:00:01Z,"NEXZ(넥스지) ""Mmchk"" M/V"
MiO16KlMPaU,2026-04-27T08:58:06Z,"TWS (투어스) '널 따라가 (You, You)' Official MV"
A8d2Gx91zwk,2026-04-27T09:00:06Z,QWER 'CEREMONY' Official MV
ZSJamnmheuQ,2026-04-25T04:00:37Z,Catch Catch (Chinese Ver.)
hG7CgHP6NdI,2026-04-26T03:00:55Z,[스근한 발라드] ep.4 위시(WISH)_그래서 헤어지는 거야(So We Part)
kxa11rqAu1g,2026-04-28T09:00:37Z,이채연 (LEE CHAEYEON) ‘No Tears On The Dancefloor’ MV
iC2SApZboFw,2026-04-23T10:04:25Z,4EVR
cp77ALn_JgY,2026-04-28T09:00:23Z,82MAJOR(82메이저) 'Sign' MV
hESqfnz7BW4,2026-04-28T03:00:44Z,민서(WOOAH) I'하염없이 너만(Endlessly you)' MV
DWuIHCKI3wk,2026-04-27T09:03:49Z,night vision
-SEKt_0pdHM,2026-04-28T09:00:01Z,NMIXX(엔믹스) “Crescendo” M/V
4MmhtCroPEI,2026-04-29T09:00:00Z,H//PE Princess (하입프린세스) 'Stolen' MV
iuabZ3YmjKw,2026-04-29T03:00:06Z,[MV] 지수연 (JISUYEON) - 블루스크린 (bluescreen)
-Rbf9Kls7qI,2026-04-29T09:03:17Z,I Love You I Love You too
Fs3SzkbxdPY,2026-04-29T09:00:18Z,박지훈 (PARK JI HOON) - 'Bodyelse' Official MV
nQtWi1yT97k,2026-04-28T15:01:33Z,千葉雄喜 (Yuki Chiba) & Lil Moshpit ーアニョハセヨ (4SHO Remix) (Annyeonghaseyo) (안녕하세요) (Official Audio)
mMr52FVf6qk,2026-04-29T09:00:01Z,[MV] LUCY - 전체관람가 / ENG sub
cd80sQ6k8og,2026-04-21T15:04:00Z,Annyeonghaseyo (BLASÉ Remix)
Nm5jrXpPws8,2026-04-29T09:00:34Z,소유 (SOYOU) 'Girl' MV
cYYcoxDNoik,2026-01-10T09:01:02Z,"NOSUN, ZENE THE ZILLA - whodafuq (Official Music Video) [ENG]"
sfVO4X_xOu8,2026-04-18T15:01:30Z,KILL SHOT
PdZlUGBwaCc,2026-04-28T09:00:37Z,Shooting Star
iDAStwuWFTE,2026-04-28T09:00:02Z,Balming Tiger - 집으로 (Home) (Official Video)
5TudZQsVi7s,2026-04-29T09:00:07Z,유주 (YUJU) - 첫사랑은 저주다 (First Love Is a Curse) (Official Video)
x9v9uOp1nIg,2026-02-21T09:04:22Z,S.O.S
AclBcmvaeKU,2026-04-28T09:00:14Z,incense
L9-o_ZytJ20,2026-04-29T09:00:01Z,CRAVITY 크래비티 'AWAKE' MV
rvKKf1ZQd9A,2026-04-30T03:00:56Z,MY DEAREST M/V
bMhDJ0S0OBA,2026-04-30T08:58:06Z,ILLIT (아일릿) ‘It’s Me’ Official MV
kqA4JOf_Vrs,2026-04-30T03:00:48Z,AIDEN (에이든) ‘7 Days (Feat. JAEJUN of In A Minute)’ Visualizer
jGI-sy96hn0,2026-04-30T03:03:06Z,Praise
9yfji_1kggs,2026-04-30T03:03:42Z,"ELLY, LUCKSMITH - 자자 (JAJA)(Spoon)(Feat. BM of KARD) Lyric Video"
oqt0JmsuSdE,2026-04-28T09:01:28Z,Sleepless
8VA4vJ7XG8k,2026-04-30T09:02:36Z,Out of Control
HUuqvTfD3-w,2026-02-26T03:00:30Z,AIDEN (에이든) ‘Unbreakable (Feat. JISEONG)’ Visualizer
k7d3t4WwsmE,2026-04-29T11:53:19Z,류민희 (RYU MIN HEE) - 비오니까 (Because It’s Raining) Official MV
6eeGMatVNNw,2026-04-29T03:01:44Z,So What?(어쩌라고)
iTN61KGaUZA,2026-05-01T09:00:59Z,My Favorite Part
YHG_5V_FGdY,2026-04-30T09:04:35Z,R o c k s t a r
ARLezfeaaqk,2026-05-01T09:00:15Z,kursor (커서)  'Love is Over' Official MV
pdn7egxK0AU,2026-04-30T09:04:34Z,Radio
NtilymvB8YE,2026-04-30T09:00:36Z,지소울 (GSoul) - Symphony Official M/V
p4YstJMccms,2026-05-01T09:02:29Z,Why the Night
6VhzQdBPiPg,2026-03-27T09:00:05Z,YOON JAY - DANCE YOUR HEART OUT | Official Lyric Video
kehGv-cauoM,2026-02-27T03:01:01Z,YOON JAY - FLY WITH YOU | Official Lyric Video
tHHN7xlf3XQ,2026-05-01T02:08:03Z,THE 8 Digital Single ‘不见了 (Love is gone)’ Concept Short
GF3CYgXKOq8,2026-03-13T09:00:33Z,YOON JAY - BAD | Official Lyric Video
6oXdQIRGnlM,2026-05-01T03:04:20Z,GO LOW
E2ITcPwUzig,2026-02-13T03:00:25Z,YOON JAY - NUMB | Official Lyric Video
mFEAnohDcKc,2026-04-24T09:01:11Z,YOON JAY - SAVE ME | Official Lyric Video
QRpZZ0wlqVk,2026-04-28T09:00:42Z,이현 (Yihyun) - 내일의 발걸음 Tomorrow’s Steps Official M/V
KtxGi1BUwno,2026-05-01T09:00:35Z,YOON JAY - SAY MY NAME | Official Lyric Video
sHRSiPhOT28,2026-05-01T14:00:16Z,Billlie | 'WORK' Performance Video
A94sqQLgRlo,2026-04-17T03:00:09Z,XYZ
ua0M2wzPcT0,2026-05-02T09:03:21Z,You Keep Me Here
GZSZWsn8y3E,2026-03-27T03:02:24Z,CARRY YOU
xtCGn9MNe-k,2026-05-02T09:00:27Z,PJX(피제이엑스) 'Fly to you' Official M/V
IZXYiqqHnls,2026-05-03T03:02:33Z,여전히 그렇게 살아가는데
gNexWWn6j38,2026-05-03T15:00:58Z,YUHZ(유어즈) 'Rush Rush' MV Teaser 1
gTYa762k6kU,2026-05-04T09:00:58Z,가비엔제이 (Gavy NJ) '이별했대' Official MV
yTvKqcNyaJo,2026-05-04T09:00:01Z,NAZE(네이즈) 'People Talk' Official MV
x3eqqoZPV_E,2026-05-04T09:21:33Z,BABYMONSTER - '춤 (CHOOM)' M/V
EPnpMeKjv3Y,2026-04-30T09:00:19Z,[MV] 로이킴 - 너와는(With You) | 오늘도 매진했습니다(Sold Out On You) OST part 5
3sn2t8dphQU,2026-05-05T09:03:13Z,HON2ST
IrqtlJAbRHo,2026-05-04T09:00:00Z,매드클라운 - 수고했어 봄 (Feat. 시소) (Official Video)
LEw_Sto8hOc,2026-05-04T09:02:18Z,NOVA
jEW8lfvCqnQ,2026-05-04T09:00:58Z,Goodbye With A Smile (Recorded in 2016) (Prod.Jinyoung)
U3LYhPjznKE,2026-05-05T08:55:06Z,Royal 44 - I Been Freestyle [Official Music Video]
QLJ_QSjM06E,2026-05-06T09:02:01Z,Someday
PDzJeGsoSA0,2026-05-04T09:02:26Z,Hope you're doing well
ibUXu-iaE-8,2026-05-05T03:01:28Z,Ombres de la nuit
D_gLFOf5SqY,2026-05-05T09:00:25Z,[유미의 세포들 시즌3 (Yumi's Cells 3) OST Part 5] 앤톤 (ANTON) - Close to Me MV
evBH5C35aNk,2026-05-02T10:00:06Z,NEUKJUN 늑준 'Just love me' MV (Official Video)
s-qgg1B1Eo8,2026-05-05T09:04:05Z,16 - Lucky [Lyric Video]
qmuRpon6D7A,2026-05-06T09:01:14Z,KIIRAS (키라스) ‘TA TA’ OFFICIAL MV
x8EEqEXjmxc,2026-05-06T10:32:31Z,B:DAWN(비던) '범(BEOM)' M/V
YHlvIVu3TuU,2026-05-05T09:02:24Z,WHY
YIpqCErlSwk,2026-05-06T09:00:45Z,쿠기 (Coogie) - 'Stuck (Feat. 백예린)' Video
08g-oAALjFE,2026-05-07T09:01:24Z,Rest Stop
2AxwurIbZls,2026-03-06T17:53:41Z,[유튜브 선공개] Choreography Video_파이브 오 원(FIVE O ONE) ‘Set It Off' Rehearsal
fBS6EWD_MGc,2026-05-06T09:01:05Z,Wanna One (워너원) - WE WANNA GO (워너원고 : 백투베이스 OST)｜Lyric Video｜Stone Music Playlist
cfHN6WxkYKg,2026-05-07T09:04:29Z,Love Is Enough
7f-yjTuB-XU,2026-05-06T03:00:06Z,Star* (with BIG Naughty) [Official Visualizer]
HZOs_6AmtmE,2026-05-08T09:00:02Z,Tiffany Young - Summer's Not Over M/V
XkkEM40VwFo,2026-05-08T09:00:21Z,BewhY (비와이) - SOUTHSIDE FREESTYLE (Official Video)
_opQpDYh33I,2026-05-08T04:00:45Z,Jenevieve - Hvnly (feat. JIHYO of TWICE) [Official Music Video]
9y86NbotmEg,2026-05-08T09:00:31Z,BE'O (비오) - '미워' M/V
r5IQf6qC9S0,2026-05-07T10:04:58Z,SICK KINDA FEELING
ywxIFZBTsCE,2026-05-08T04:01:08Z,"DEAN, Anderson .Paak - Aftertaste (from Original Motion Picture Soundtrack K-POPS!)"
9OEdOprM4Uo,2026-05-06T15:00:29Z,easea(이지) X ZIN CHOI ‘coco' Official MV
vviU2vsSe5M,2026-05-08T09:01:21Z,If You Were My World
nqmbtf5gDKA,2026-05-08T09:01:11Z,ILHOON - Devil Can Wait (Official Video)
UDDbx0KiGi4,2026-05-07T09:00:34Z,"[Official MV] 신예영, 순순희, 전건호, 예린(YERIN) 'All For You' | 룰루랄라 프렌즈 2"
v094-E3Pmtk,2026-05-08T09:00:06Z,스텔라이브 (StelLive) | 'STAR TRAIL'
k030vtZq2ok,2026-05-08T03:03:52Z,STOP
nc6yI5pi3k8,2026-05-07T13:11:49Z,Yuri Park & DMITRYSFACE - 'Bust N Click' M/V
nNVVzAjsPe4,2026-05-08T09:03:19Z,Wahssap
e2KAMzli7wo,2026-05-09T09:04:09Z,Boys And Girls (Feat. INFINITE)
hWT7vfliD7g,2026-05-10T03:10:01Z,정화 - sun love (Official Video)
WxGWMI2B7r8,2026-05-10T14:59:06Z,BOYNEXTDOOR (보이넥스트도어) '똑똑똑' Official MV
5ds6H8wMOyc,2026-02-25T03:02:46Z,Am I in Luv
mcC-o7wq5EY,2026-05-03T09:00:59Z,[MV] Yun Seong(윤성) _ Never Lose Myself(나는 나를 잃지 않을게)
Si5mKYAei3o,2026-05-11T09:03:20Z,Baya
QiQJxMQ6TMU,2026-05-11T09:00:40Z,RAIN - Feel It (너야) Official MV
__cY_IaSb7s,2026-05-10T09:00:47Z,"TRADE L, Nosun, MilliMax - NEW AMBITION SOUND! (Official Music Video) [ENG]"
kjccso8nrc0,2026-05-07T03:20:40Z,[MV] 산하(sanha) - (주) 산하고속 (Sanha Express) / Official Music Video
iTJSbJtS8MU,2026-05-11T09:00:56Z,aespa 에스파 'WDA (Whole Different Animal) (Feat. G-DRAGON)' MV
OE8CjkC0BGA,2026-05-10T09:00:26Z,BIG Naughty (서동현) ‘Still Freestylin’' Official MV
wCtRSOVpf40,2026-05-03T03:05:01Z,[MV] 슈슈나인(SHUSHU9) - PALETTE
RRKtQmsSI9g,2026-05-11T09:00:32Z,H//PE Princess (하입프린세스) 'Stolen' (KR ver.) MV
aBtRTBVggUM,2026-05-10T09:04:13Z,Listen To My Soul(마음이 들리니)
N6JXNISrpEY,2026-03-26T03:03:38Z,Yessir
Q1sE699jthg,2026-05-11T09:00:03Z,Jay Park & LNGSHOT - [4SHO 4SHO] Official Music Video
DtLQeI6UsMc,2026-05-05T09:00:00Z,T.EV 투에버 '5AM' official MV
uD0yLUVtAvk,2026-05-11T09:00:01Z,[FIX OFF] Desire Project : ORIGIN 'Dinero' | ATEEZ(에이티즈) 민기
XfASTPiEh3M,2026-05-05T03:04:13Z,the milli anthem
U4aD9NLDQJs,2026-05-07T10:02:50Z,森
lqJ30KbpEY4,2026-05-10T03:01:51Z,no cat home
eKuzq2AOvFM,2026-05-10T03:02:42Z,Starlight
O0KFqVkhpuo,2026-05-08T04:00:06Z,kyu - this feels like (Official Music Video)
9Av8DEKE2og,2026-03-13T03:00:08Z,지베뉴 (Zivenew) - '사춘 (Spring Fever)' Official Music Video
fh9TWwotwPE,2026-02-12T09:25:34Z,MilliMax - 미워 (Mad) [Official Music Video]
DhfitPakxV8,2026-03-06T03:02:18Z,No Manners (Prod. by Lil Moshpit)
EF7ueTjEwPs,2026-05-12T09:02:24Z,Gojingamrae
iqtv43YR7oI,2026-05-12T09:00:01Z,YOUNITE 'POSE! (姿態)' M/V
5RT4ISfzlrU,2026-05-12T03:00:10Z,CrazAngel (크레이즈엔젤) - Picasso [Music Video]
jdc4XckyN7Y,2026-05-12T09:04:35Z,echo
BDXZ-fYk0Gc,2026-05-12T09:00:10Z,[M/V] '두근대' | 차동협(ChaDongHyeop)
fGCCpfa-WDQ,2026-03-16T10:01:04Z,Potatoi - Joe (Official Music Video)
ICOB_gz4k6E,2026-05-12T09:03:48Z,Yarrr
enVPqoR_SVE,2026-05-12T09:04:12Z,Love Story
vOCc8AKs48Q,2026-05-12T03:00:33Z,YEEUN (예은) ‘記憶の香り(기억의향기)’ Official MV
rIiGnn_8A4k,2026-05-13T09:01:16Z,PARK JINYOUNG(박진영) - 'EVERLOVE' MV
GJN6J-jqBA0,2026-05-12T13:00:48Z,[HYBE x Geffen] World Scout: The Final Piece 'PARTY b4 the PARTY' Official Audio
_pTXNzKoJ94,2026-05-13T09:00:27Z,[Official Audio] Junghoon - DON'T HOLD IT
XiY7YPkHmkU,2026-03-27T03:16:20Z,[MV] 박제업 (PARK JEUP)  - 사랑인거죠
69I7Hj6p8_0,2026-05-13T09:00:00Z,NOWZ (나우즈) '우리의 시작' Official Music Video
dyxmlYXdxUs,2026-05-13T09:00:16Z,FLARE U (플레어 유) 'WAY 2 U' MV
UOvWqzu0AF8,2026-05-13T09:02:56Z,I see you
efu7Ha7Yt5g,2026-05-12T15:01:05Z,PLAY BACK （『仮面ライダーゼッツ』主題歌）
ZtiThQN5ETc,2026-05-13T09:00:46Z,WOOAH(우아) - ‘WXW(Wish With W)’ MV
uPm5_b-wJfg,2026-05-14T09:00:05Z,[Special Clip] YERIN(예린) - So Pretty(너무 예뻐) (Live ver.)
su12CXASZc4,2026-05-14T09:04:28Z,Domain Expansion
C4aZk3URd-o,2026-01-08T03:00:15Z,MirroR (VIVINOS - ALNST Sub : MIZI Part.2)
62Tt4m8jOp4,2026-05-13T03:00:06Z,COMMA - Radical (Prod.4MAKERS) Official Visual Film
UvWXWGhZin8,2026-05-14T09:00:02Z,씨야 SEEYA - Stay Official MV
Ew65b9BMrjU,2026-05-13T12:00:00Z,사이먼 도미닉 (Simon Dominic) - 'Simon Says' MV
e53PTUZXXy4,2026-05-14T09:00:47Z,Why Now
PdSsC7aAIwI,2026-05-14T09:19:03Z,Tabber - New Moon (Official Visualizer)
TeWDXpHyI88,2026-05-14T03:00:26Z,Olivia Marsh (올리비아 마쉬) 'Roll' Official MV
yMyXXPDv3ek,2026-03-20T14:01:38Z,[MV] SOOBIN(수빈) _ Rekindling Memories(기억속 켜진불) (Still Shining(샤이닝) OST Part.5)
53Ot9E5QG_I,2026-05-15T04:00:06Z,wave to earth - heaven and hell
NGyCzUHjorI,2026-05-13T09:00:07Z,"아오쿠모 린, 하나코 나나 - 불꽃 (2026 대한민국 이스포츠 리그 - 이터널 리턴 주제가)"
CG5dE5vaD7s,2026-04-26T09:05:00Z,We're the moonlight (악당들의 후원자가 되었다 OST Part.1)
zyvi6HkDqxE,2026-04-05T09:01:16Z,KAJA “きっと” Special Video
yCgjiYmRtGE,2026-05-14T09:01:13Z,[MV] 거미 - 그리운 날(Missing You Today) | 오늘도 매진했습니다(Sold Out On You) OST part 9
HjxZvWCcfy8,2026-05-15T09:03:56Z,STARSTRUCK
DY-TO23IG18,2026-01-06T09:04:11Z,Chestnut
FhlnthSvGNM,,
AgqTpVY_T_k,2026-05-15T11:00:06Z,西野カナ feat. NiziU『LOVE BEAT』MV Full
jWSHTjNRQBU,2026-05-15T03:02:12Z,Call You Baby
Pu2uhdxMTws,2026-05-14T17:27:32Z,VINKA – 'Quietly' (Official Music Video)
NiNXwI_Y1So,2026-05-12T04:00:24Z,"Tame Impala, JENNIE, Boys Noize - Dracula (JENNIE Remix - Boys Noize Disko Version - Official Audio)"
S4zNFHjz88k,2026-05-15T09:31:51Z,REDDY - 'RUN OUTTT' MV
w_mxESFUfIs,2026-05-15T09:02:05Z,POSE (Spanish Ver.)
JywM-nQjIyo,2026-04-24T03:00:18Z,NiceKatchy - Insane! MV
4FDxvpdvx9s,2026-05-06T09:35:06Z,아이오아이 (I.O.I) - 웃으며 안녕 (Recorded in 2016) (Prod.진영)｜Lyric Video｜Stone Music Playlist
qNVpJxXXAko,2026-05-16T03:01:15Z,Night like this
2Zwr4v1iwQM,2026-03-13T14:30:02Z,"적재 JUKJAE - 기억이 머문 온기 Warmth, Where Memory Rests Official M/V"
jOSyZ_0eORw,2026-05-17T03:03:03Z,Don't
EtFy8BIkKX0,2026-02-28T01:13:19Z,[BRAZY] Dante - RE:SET (Official Music Video)
-7NfQDh-Q2I,2026-03-21T09:00:00Z,윤민 Yunmin - 어떤 날 (And a New Life Begins) Official M/V
UwceugNYOuE,2026-01-27T15:03:13Z,mwah...
ZOA1HiEytzE,2026-05-16T09:04:49Z,Lucid Dream
-E1PQSTNx9A,2026-04-03T09:00:00Z,박지원 PARK JI WON (프로미스나인) - Here I Am Official M/V
qqbJGLFPMkM,2026-05-16T09:01:08Z,폴킴 (Paul Kim) - 괜찮을거예요 | 모두가 자신의 무가치함과 싸우고 있다 OST | Lyric Video
td0rZwusHlY,2026-05-16T09:04:38Z,NEUTRON STAR
Zlw_EjSsxAg,2026-05-16T09:00:16Z,[MV] Young K (DAY6) - 다시 돌아온 계절 I 멋진 신세계 (My Royal Nemesis) OST Part.2 #멋진신세계 #SBSCatch
PDvastsibCQ,2026-03-04T03:03:21Z,Let's Party
pB3W-k0kQ8U,2026-05-18T09:00:06Z,TAEYANG - ‘LIVE FAST DIE SLOW’ M/V
RkC-XfuwCsM,2026-05-08T10:00:02Z,IS:SUE (イッシュ) 'Quartet' Official MV
xZJ5f_LrSpI,2025-04-15T03:03:12Z,We Are The One
EAltpjVpoQ4,2026-05-13T03:01:35Z,Daniel
n5hA65ilgA8,2026-05-17T09:00:58Z,경서 KyoungSeo - 말 대신 Love Actually Official M/V
tiKgdh4Csj8,2026-05-18T09:00:05Z,TAEYONG 태용 'WYLD' MV
zGNABIZAiYw,2026-05-17T09:03:12Z,GENEROUS
7QGRDC7ngpE,2026-05-17T15:00:00Z,ZEROBASEONE (제로베이스원) 'TOP 5' MV
1jKnI_ib8c8,2026-05-18T09:00:00Z,ITZY “Motto” M/V
VGi-Jh4xB3o,2026-05-18T03:02:30Z,Samgyeopsal Song
B1OM9skHVeM,2026-05-19T09:04:58Z,Oui
MOBHFsvENdc,2026-05-18T03:01:14Z,FAVE
XR81lQrRceg,2026-05-19T03:00:06Z,스텔라이브 (StelLive) Cliché | '유성우'
tTi2uZQsmlo,2026-05-19T09:00:01Z,TWS (투어스) '너의 모든 가능성이 되어 줄게' Official MV
TU-yT_uMTic,2026-05-19T09:00:02Z,xikers(싸이커스) - 'OKay' Official MV
kZU1GukHahM,2026-05-19T09:00:58Z,[MV] Big Ocean 빅오션 'Make It Up To You' Official MV
dQ9qV3uSkc0,2026-05-19T03:00:35Z,지셀(Jiselle) & SUMMER CAKE(썸머케익) - 'Circle in Me' MV
JcQXEy1-myo,2026-02-03T09:02:51Z,Look at My Heels
KeU4APYJDzU,2026-04-23T03:03:10Z,"moyo - ""누구야"" (Official Music Video)"
QjZ6yzhqD-c,2026-05-20T09:04:55Z,Love Is Enough (Original)
n-eTTpT8KGc,2026-05-20T09:00:53Z,YOON SAN-HA 윤산하 - 'IDK ME' M/V
VoTuH7UHWLI,2026-05-20T09:00:06Z,비비 (BIBI) - BUMPA Official M/V
9MOQaot-mUo,2026-04-06T09:01:24Z,Sex Genius
-pKUL5idqxQ,2026-05-19T15:02:10Z,LUCID DREAM
6XMS2JB6SvA,2026-02-14T09:00:06Z,솜먕 (Sommyang) - 고백작전 Official MV
rECGhi32P8w,2026-05-19T09:02:22Z,"Oops, My Heart"
S7PduG-khdY,2026-05-20T03:00:09Z,"가비 Gabee 'Bromm, Taki' MV"
zfY6vbKB7BU,2026-05-20T09:00:06Z,로이킴 (Roy Kim) - 앵콜요청금지 (No More Encore) Music Video
YUUqeFNgmYM,2026-05-20T09:00:07Z,DXMON(다이몬) 'DXMON' Official MV
kUF1-MOV4KA,2026-05-21T09:00:03Z,SHOWNU X HYUNGWON 셔누X형원 'Do You Love Me' MV
1X45vTSsaEY,2026-05-21T09:00:03Z,보라미유 - 뜨거운 태양 아래 [Music Video]
OGaXnhIxcmA,2026-05-21T09:00:04Z,THE SSYNDROME (더씬드롬) '별빛이 머무는 곳 (My First Love)' MV
cXO9hwzub_4,2026-05-21T09:03:08Z,"Beautiful Days, Lovely Eyes"
BWj5MW9V7jM,2026-05-21T09:00:13Z,HYOJUNG (OH MY GIRL) '나의 작은 청춘에게' MV
mRAgbcLxj9k,2026-05-21T09:01:01Z,WOO ‘Unlock’ Official MV
Cy-E5jby108,2026-05-14T10:02:46Z,声
Jt5gSnO334c,2026-03-27T09:01:17Z,모카(Moca)ㅣ벚꽃궤도(Pink Orbit) Official M/V
qHKI5KcFxXM,2026-05-20T03:01:40Z,Starlight
cZ0sbqTjEU4,2026-05-20T10:18:37Z,"Wanna One (워너원) - 다시, 봄바람 (워너원고 : 백투베이스 OST)｜Lyric Video｜Stone Music Playlist"
Ic_-Ika6gkg,2026-05-22T03:30:16Z,FRAME THE X(프레임더엑스) 'NO EXIT' | Official Track
pbO9U8YB1Fw,2026-05-22T09:00:13Z,프니엘 (PENIEL) 'IDKI' Lyric Video
GRDW2BWirBw,2026-04-22T03:00:13Z,PANEB - 사랑이라는 단 하나의 이유로 (For Love Alone) Visualizer
fZ0WkfTQa8A,2026-05-22T09:00:47Z,Gemini (제미나이) - No Sugar in My Coffee (Visualizer)
safzyuZNCGI,2026-05-21T15:04:45Z,"LISA, Anitta, Rema, FIFA Sound - Goals (FIFA World Cup 2026™) [Official Music Video]"
sO_1HFO36QM,2026-05-22T04:01:01Z,Motto (English Ver.)
HKzI1yXqU-k,2026-03-23T09:03:49Z,ROOMBADOOMBA (DAUL Remix)
hw0Xm7_Lgk8,2026-05-21T10:01:26Z,PERMISSION
azftBtZfhdg,2026-05-21T09:00:04Z,[Audio] RYUL D/S [Sign]
VNqqNxM6P5k,2026-05-22T09:00:01Z,"YORCH (요치) 'Blow Your Mind (Feat. 식케이 (Sik-K), Bryan Chase)' M/V"
0R2KETpmpqQ,2026-04-07T10:00:01Z,12BH - Golden Fish (Official Video)
qH8lLwvw944,2026-05-21T09:01:03Z,BIG Naughty (서동현) - 위스키 블루스 (Whisky Blues) (2026) MV
j5egPlE7o3o,2026-05-22T09:00:06Z,소코도모 (sokodomo) 'Falling in LOVE' Official Audio
cm_TYY3e0q0,2026-03-03T09:00:50Z,[M/V] Sondia - Fear Inside :: 세이렌(Siren's Kiss) OST Part.1
yzw4E1WiBHI,2026-01-16T13:30:06Z,Anthony Lazaro & 12BH - How to Write a Love Song
mMUiKK0oAWA,2026-05-22T04:00:20Z,xikers(싸이커스) - 'OKay (BRLLNT Ver.)’ Visualizer
PioId8gpvgY,2026-02-24T09:00:38Z,12BH - Better Days (Official Video)
M0J4F_jSlag,2026-05-23T03:00:30Z,[MV] Gwyn Dorado - 마음을 놓치다 I 멋진 신세계 (My Royal Nemesis) OST Part.3 #멋진신세계 #SBSCatch
Qv4WZkEF7TQ,2026-05-01T03:01:49Z,Before Sunrise
ebZg7xrvkVE,2026-03-31T09:00:03Z,[OFFICIAL AUDIO] 리제 (이지혜) - 빈자리 :: 세이렌(Siren's Kiss) OST Part.5
Ny8f5QIoL1Q,2026-03-03T08:15:00Z,aespa x Anderson .Paak - Keychain (FROM THE FILM K-POPS!) [Official Lyric Video]
0RbkfQN9B94,2026-05-24T03:04:16Z,UR:L (유아렐) 'Wish Me Love' MV
EDBd-5pYzC8,2026-05-23T09:03:41Z,The Moments Live on
zF0ByvEOTZc,2026-05-23T09:00:21Z,Lipbalm
V1Lr-_AxeR8,2026-05-22T03:58:06Z,LE SSERAFIM (르세라핌) 'BOOMPALA' OFFICIAL MV
x2tV8xRzU2o,2026-05-07T09:00:06Z,ROSESIA - 'Cinnamon Love' M/V
7kWeW2-GgXg,2026-05-25T09:00:06Z,CRUCiAL STAR (크루셜스타) - Cook 4 U (Official Audio)
konbjO8Wr58,2026-01-05T03:01:01Z,"ROSESIA(로즈시아), StoneSoWavy! - Sleep well, my love (Official Lyric Video)"
qos7XoTp7VY,2026-05-25T09:04:13Z,Shine Forever
QI6Sw80pcpA,2026-05-24T03:00:11Z,트웰브(TWLV) - GOODBOY SYNDROME (Official Lyric Video)
fASt7_Qv8Lo,2026-05-25T09:00:03Z,"희재(SEVENUS) ""도약"" M/V"
2q2r0lmIjto,2026-05-25T09:00:03Z,[MV] Jung Seung Hwan(정승환) _ As If(마치 오늘처럼)
J8M8ZWkQBAk,2026-03-11T03:04:51Z,B.O.M
T6HxilXCF0c,2026-05-25T09:00:02Z,BIG Naughty (서동현) '10시 반 크리스피 앞 (Feat. 다이나믹 듀오)' Official MV
cBfYIb1w1iw,2026-05-26T09:00:27Z,ALPHA DRIVE ONE 'OMG!' MV
JFYFIfbWAmo,2026-05-26T03:00:32Z,Roll the dice Ja Young Vox Version
IufpX0FpH5c,2026-05-26T03:00:09Z,can’t be blue “can’t love” (Feat. HAN (Stray Kids)) M/V
TlrGMdDKvpk,2026-01-19T09:12:09Z,can't be blue 'should be you' (Official Video)
EZNHsnwBDrk,2026-05-26T09:00:06Z,J.seph - 'EASY' MV
GXw1xTeDs-A,2026-05-26T09:00:16Z,[MV] Boyfriend(보이프렌드) - Starlit Voices(밤하늘을 수놓던 우리 목소리)
0XrGxq5cSr0,2026-03-22T09:00:02Z,"[방과후 태리쌤 (Curtain Up, Class) OST Part 5] 도겸 (DK) - 명장면 (Best Scene) MV"
bQ2_3_H29T4,2026-05-26T09:05:15Z,PWLT
m6kmpiOsLVk,2026-05-26T08:59:06Z,AND2BLE (앤더블) 'Curious' MV
RwgurGfeycA,2026-05-26T09:00:26Z,장현승 (JANGHYUNSEUNG) '나만의 그대' Official MV
ABrKic-lHQY,2026-05-27T03:00:02Z,JINSOL 이진솔 - Too Cool to Be Grown-Ups (Official Visualizer)
opVyoz94gdk,2026-05-27T12:00:06Z,TRENDZ『まだあと0cm』Music Video
1IzZezTfwE0,2026-05-27T09:00:15Z,XLOV 엑스러브 'SERVE' MV
fcfv_p_NWx8,2026-05-27T09:00:01Z,IDID 아이딧 'FLY!' MV
2vRspK_5oJI,2026-05-27T05:00:07Z,JAEJOONG（ジェジュン）'OASIS' MV
CAMopgmiFWA,2026-05-27T09:00:02Z,소란(𝗦𝗢𝗥𝗔𝗡) 𝗗𝗦 '𝗰𝗲𝗿𝗲𝗺𝗼𝗻𝘆 (𝗙𝗲𝗮𝘁. 미연 (𝗠𝗜𝗬𝗘𝗢𝗡))'  𝗦𝗽𝗲𝗰𝗶𝗮𝗹 𝗩𝗶𝗱𝗲𝗼
_RRi6UiAh1g,2026-05-26T09:02:36Z,가져가세요 내게 남은 미련까지
mZoFL5owaF0,2026-02-12T09:01:26Z,[Lyric Video] RYUL D/S [연남동] (KR/EN/JP/CN)
BTEzUKfhWl8,2026-05-28T08:59:06Z,ONEWE(원위) 'ICARUS' MV
ycAFjsJYCCM,2026-05-28T03:00:20Z,수린(SOORIN) '별점만점' MV
mwjEdVAvfo4,2026-05-27T09:03:04Z,Bag Bad Back (IMLAY Remix)
QGZ5YNUpl14,2026-05-27T09:04:16Z,Back to me
h8HGbj0enmg,2026-05-28T09:00:00Z,HEART OF WOMAN(하트오브우먼) '나를 잃지 않는 방법 (Lost in Proof)' MV
tqGcOmgTq_U,2026-05-28T09:00:16Z,Queenz Eye  |  2nd Mini Album [PRISM EP.02] 'Y2K' MV
cO2LQvgMA_k,2026-05-29T09:00:37Z,BewhY (비와이) - STIGMATA (Official Music Video)
2aj-Q7hbPyE,2026-05-29T04:03:26Z,Circles
trpR7HJcpO0,2026-05-27T15:00:32Z,"Bryan Chase, BIG Naughty - OUTSIDE (Official Video)"
c4C_9OQjLPs,2026-05-29T08:00:13Z,dress & Raf Sandou - Skin of gold [Official M/V]
Mjkp5d_5l-g,2026-05-28T09:04:15Z,"Scene 2, Take 1"
7heiZWvuit0,2026-05-29T09:00:35Z,[MV] CHEEZE (치즈) - Universe I 멋진 신세계 (My Royal Nemesis) OST Part.4 #멋진신세계 #SBSCatch
yU-3gZkqI1I,2026-05-29T09:00:31Z,Universe 'Unlove' MV
XnXoEFGz5es,2026-05-30T09:02:43Z,직진
YeVCiWLuqYU,2026-05-30T08:30:03Z,BoA 보아 'Ain't No Hard Feelings' Visualizer
9K9kWp8ZQAQ,2026-05-30T09:00:13Z,"Tray B ft. 개코, ZICO - LLLM (prod. Tray B) [Lyric Video]"
gxjX0J_zcOQ,2026-05-30T11:10:21Z,바비는지폐를좋아해 [Official Music Video]
QERKD90hG98,2026-06-01T09:00:03Z,TREASURE - ‘IF I’ M/V
T3ERfzM84Jo,2026-06-01T03:00:39Z,HANA 하나 'Innocent' MV
FFcgGFpO1n0,2026-06-01T04:01:35Z,#黄仁俊 #NCT_RENJUN 「同谋者的默契」 （「Echoes Between Us」） - Chinese Special EP MV is coming🎬| TME腾讯音乐
1XFEtAx5i7E,2026-06-01T09:00:33Z,SHINee 샤이니 'Atmos' MV
61_7Betq1RI,2026-06-01T09:02:27Z,"Baby, Why Do You Leave Me"
FX3w7FTitBI,2026-06-01T09:04:22Z,구독연애
4G2lrKLokkc,2026-06-01T03:18:18Z,THE FIX (더 픽스) - 'HIGH' Official Visualizer
YUo-4KADFrg,2026-06-01T09:00:19Z,채인 Chaein - How do you feel Official M/V
6q8UMVXhXsE,2026-06-01T09:00:06Z,tripleS(트리플에스) 'Baby Flower' Official MV
P2loH5EOnr8,2026-06-01T04:00:15Z,aespa 에스파 'LEMONADE (Zedd Remix)' MV
ehnXQVCyzyA,2026-05-31T04:00:32Z,CELEBRATION (Supergirl ver.)
BfpX8j-OSLw,2026-04-26T03:00:00Z,[MV] Chaein(채인) - Day by Day
wAcmabgnXQ4,2026-06-01T09:07:18Z,MEOVV(미야오) - ‘DDI RO RI’ (Official Audio)
zJpY_Lw_3f0,2026-06-02T09:02:26Z,This Is How Love Begins
4ApJMqqSaX4,2026-06-02T09:02:20Z,Sad Saltiness
xOUFQXHcVc0,2026-06-02T09:00:02Z,XODIAC 소디엑 ‘Phantom Fire’ Official MV
KYeMRCkeA_g,2026-05-31T09:00:02Z,Because of Love
99arhk9wdNE,2026-06-02T09:00:06Z,N.Flying (엔플라잉) ‘환절기 (換節期)’ MV
bdctjZjx5Hs,2026-06-02T09:00:07Z,김준수(XIA) ‘GRAVITY’ MV
vFoUBCzLqJo,2026-05-31T09:04:07Z,I JOA
Bz9q1nDXMuw,2026-06-01T03:04:48Z,Good Shot! New Version
QDWZuzjrufA,2026-06-01T03:00:02Z,[MV] RapidEye - Remedy
zBiB0jww7_8,2026-06-02T04:00:33Z,aespa 에스파 'LEMONADE (Marlon Hoffstadt Remix)' MV
q88d9hGQ-g4,2026-02-07T09:01:10Z,[MV] Kassy(케이시) _ Back to you again (언더커버 미쓰홍 OST Part.5)
TV8ztCQedcc,2026-01-19T01:00:29Z,[MV] Hayoung Song(송하영 (프로미스나인)) _ The Shape of Memories(기억앨범)(언더커버 미쓰홍 OST Part.1)
zP7Zi0_XfXU,2026-06-03T09:00:35Z,케이시(Kassy) - ‘이보다 행복할 수 있을까’ M/V
GBUoWTqnivA,2026-01-25T09:00:30Z,[MV] Jacob(제이콥)(THE BOYZ) _ Endlessly(언더커버 미쓰홍 OST Part.3)
yMvsKWGPEIU,2026-06-03T04:00:04Z,aespa 에스파 'LEMONADE (2Spade Remix)' MV
pyA7oi0ErA8,2026-02-01T09:01:19Z,[MV] Sondia _ Dance Tonight (언더커버 미쓰홍 OST Part.4)
rO1_2oN-0lA,2026-06-02T09:00:06Z,𝐄𝐑𝐑𝐎𝐑 𝟎𝟐 _ 𝐂𝐚𝐭𝐚𝐥𝐞𝐩𝐬𝐲
wejQt77jGqE,2026-06-04T09:04:51Z,sun shower
yyH4eOF_8p8,2026-06-03T09:00:00Z,LE SSERAFIM (르세라핌) 'BOOMPALA (Champions Remix)' Official Visualizer
tqUEbsyl_4Q,2026-06-04T09:31:44Z,40 – CHANEL | Official Audio & Lyrics
wb2cgWhidgQ,2026-06-03T09:02:54Z,Wuuslime - SMOKE (feat. LEY) (Official Music Video)
MCXms-tVWYo,2026-06-04T09:00:24Z,LOVE or COOL
PVzSI9PpkXc,2026-06-04T09:00:22Z,마마무(MAMAMOO) '4 Flowers' MV
ZQxa_TS6kP0,2026-06-03T09:00:19Z,ZENE THE ZILLA - 쌰갈 (Feat. 김하온 (HAON)) (Official Audio) [ENG]
doA7qllP-X8,2026-06-04T09:00:05Z,유권 (U-KWON) - 'Tú y yo' Performance Video
z-loRS00J6Q,2026-06-04T09:02:17Z,이지카이트 (Izykite) - ee [Music Video]
Insd4k8JZ-Y,2026-06-04T09:05:28Z,Like a Movie
BDLR77xNlzA,2026-06-05T09:03:06Z,Midnight Blue
Zc4u0gLS1H0,2026-06-05T03:00:10Z,[MV] 서자영 - 조용한 기적 I 멋진 신세계 (My Royal Nemesis) OST Part.5 #멋진신세계 #SBSCatch
-bHcbnUxSHU,2026-06-02T10:04:33Z,Baby Flower Japanese Version
39d3TUxv2oY,2026-06-05T09:00:14Z,"[Official Audio] 앤, Fredi Casso - Wabi Sabi (Feat. ILLSON)"
zgczuKQvHSk,2026-03-10T09:02:08Z,Be Happy! (Prod. KIMSHANE)
k6rYn502PQo,2026-06-05T09:01:31Z,김민석 'Goodbye (Sayonara)' Official Audio
DDAHyCsnqm4,2026-06-02T19:02:51Z,BANG YONGGUK (방용국) - 'If tomorrow never comes' Official MV
jzs8p_i9oQM,2026-04-29T09:01:06Z,Keyveatz (키비츠) - 'Key Beats' MV
N53oiP7KvbM,2026-06-05T03:00:02Z,Mood (Remix Version)
DRo_8e8j1vM,2026-06-05T04:00:29Z,KATSEYE - PINKY UP (Sunset Remix) Official Audio
WnYyIAlWsx8,2026-06-06T09:00:31Z,KIMHYUNJOONG(김현중) - 치킨이야(Chickenia) [Official Music Video]
jeWdFtezuG4,2026-05-13T09:01:44Z,Strangers Now (지금은 남이 된 타인)
naoGk-Zjc1s,2026-06-07T15:00:06Z,BABYMONSTER - 'SUGAR HONEY ICE TEA' M/V
Xp4pWFGgV_8,2026-03-30T03:01:27Z,내 사랑은 널 가지지 않아도 부족하지 않아
_ih_WD10lZA,2026-06-06T09:03:52Z,Break the Loop
3yNV3IqB8WA,2026-06-06T09:00:04Z,[MV] 온유 (ONEW) - Into You I 멋진 신세계 (My Royal Nemesis) OST Part.6 #멋진신세계 #SBSCatch
mAsmoXoUnos,2026-06-08T03:03:33Z,JOANG
lJAigdMgfis,2026-06-08T09:00:29Z,[MV] YEL(옐) - Remove Makeup
niQrmBLjsnw,2026-06-06T03:05:18Z,조금만 더 사랑할 수가 없겠니
Rk5-cvNboCM,2026-06-07T09:03:31Z,limbo (feat. pH-1)
MoAwNsbMGcw,2026-06-08T03:04:02Z,DAISY (H//PE P ver.) (KR ver.)
NQRGAh7ukh8,2026-06-08T09:00:01Z,izna 'METRONOME' MV
d_9idKLZ0Zg,2026-06-08T11:30:02Z,Samuel ‘ZIGI-ZIGI-ZIGI’ [Official Music Video]
rv6yo1YZMQ8,2026-06-07T15:03:53Z,Youth (English ver.)
Sntl8toLiYU,2026-06-08T03:00:08Z,CROSS GENE   크로스진 'Helicopter' Official Music Video
Og9vvMdll4A,2026-06-07T09:14:41Z,"GRIO, HOON - Crazy (feat. Gist) Official Visualizer"
0CEg8nz_I9U,2026-06-06T14:00:01Z,LE SSERAFIM (르세라핌) 'BOOMPALA (feat. GURU RANDHAWA)' Official Visualizer
oKumYajWVvE,2026-06-08T09:00:18Z,[MV 1] LUNA(루나) _ Cotton Candy(솜사탕) (Feat. Kylie(카일리) of KIIRAS)
S2XF34ma--k,2026-06-09T09:00:02Z,EPEX(이펙스) – ECHO M/V
oUkhP9su_4E,2026-04-08T12:31:17Z,IF I DIE IN ROBLOX I BUY MATCHA... (VLOG)
6PGsGzb3LkE,2026-05-27T09:00:20Z,미완소년(美完少年) 'PLUMA' MV
0Mh_5PamvWU,2026-06-02T15:00:06Z,AKUGETSU - 『圧倒的なアイラブユー』Music Video
hjiNdWNvanc,2026-06-04T16:00:20Z,SORN - Good Luck! (Official Music Video)
lSydvhrI3KM,2026-06-08T09:14:25Z,Baby Flower (Seoul Remix : Vendors)
iZFRT-umFHI,2026-06-09T09:00:09Z,예린(YERIN) '조각별 (Shooting Star) (Prod. PATEKO (파테코))' MV
l6T2BKPctfM,2026-06-09T09:01:34Z,[M/V] 김재환 - 어떻게 될까? :: 닥터 섬보이(Doctor on the Edge) OST Part.2
pxDXVxa1nhQ,2026-06-08T09:05:00Z,Melting (사랑인 걸까)
371J7iA56pQ,2026-06-10T09:00:01Z,"JAY B 3rd MINI ALBUM ""TR.EE"" 'Layback' M/V"
wiadUZgJeI4,2026-06-09T10:00:02Z,CHIO CHICANO - With My Dawgs [Offcial Music Video]
5YQqO7jJPOA,2026-06-10T09:00:51Z,JACOB - SLOW DANCING Official MV
8jGyXA_4ikw,2026-06-09T09:00:07Z,Ash-B(애쉬비) - TOUGH [Official M/V]
NH-aemFmQhQ,2026-06-09T03:04:21Z,Burn
1_8sQlaD798,2026-06-10T09:00:08Z,"untell, Hash Swan, DON MALIK - Noir city (Official Music Video) [ENG]"
27C4pfRsf9g,2026-06-10T14:58:06Z,LE SSERAFIM (르세라핌) x ILLIT (아일릿) x KATSEYE (캣츠아이) 'ICONIC BY MISTAKE' Official MV
jdoQcAe2bSg,2026-06-09T10:02:58Z,Hate to LOVE YOU (feat. Aile The Shota)
42YsFmLHy2U,2026-06-10T03:00:14Z,지민(JIMIN) -  'WYA(Where You At) feat. Untell' MV
IHutMUZCR6k,2026-06-09T09:00:04Z,[Audio] RYUL D/S [Fire Tree]
r_iXXhJKZ-w,2026-06-09T09:00:39Z,YENA「ミラミラ」Music Video
TV8HTUmurTA,2026-06-10T03:00:06Z,NAVILLERA(나빌레라) - ‘Friday Night' Official Music Video
yGRDsAMCzSw,2026-04-28T10:03:33Z,ミラミラ
uCMDJv7sSEU,2026-06-11T09:00:39Z,[MV] JUNNY(주니) _ Heaven Can Wait
fs_pvIVMLMI,2026-06-11T09:00:20Z,서리(Seori) ‘My Gravity (with 김종완 of NELL)’ MV
xwxG6PiPSvA,2026-06-09T03:02:45Z,Feelings
F0UIsSnotlA,2026-05-08T15:00:02Z,"HAN ""back to life"" | [Stray Kids : SKZ-PLAYER]"
yiprl7-dU04,2026-06-11T03:00:06Z,스텔라이브 (STELLIVE) Universe | '마음악보'
OJDxNt8LH6s,2026-06-11T09:02:40Z,Dream With Us
cfaoXuep0mA,2026-06-11T03:01:40Z,Delulu
f_1uyZr7Tto,2026-06-08T03:01:14Z,오래된 기억
SJDqM-6xmz8,2026-06-09T09:46:30Z,[ENG/JPN] 용용 (YongYong) - 모하비 (With. Kid Wine) _ yynitseD (Official Lyrics Video)
ZQFszZBJCxM,2026-06-10T09:02:52Z,Beautiful Love
HBwYER9rLJY,2026-06-12T11:00:06Z,"Gyubin(규빈) - ""You Light Up My Life"" Official Music Video"
CJard9GB5t4,2026-03-29T09:00:51Z,[Lyric Video] homezone - 바람이지만
Jk9hjFR6s8A,2026-06-10T09:00:22Z,Asymmetry Complex
9f8lYIHlbNg,2026-06-11T09:03:41Z,SHADOW
MEoxtFRfPoc,2026-06-12T04:00:02Z,BTS (방탄소년단) 'Come Over' Lyric Video
TT2OMsMe5aU,2026-06-12T04:00:06Z,ADÉLA - Red Bottoms (Official Music Video)
VzxSscKb3uE,2026-06-11T09:00:14Z,NOWIMYOUNG (나우아임영) - 천국 (HEAVEN) [Official MV]
lzKB6gh4g0M,2026-06-13T07:12:26Z,"ISHA(이샤), 이소(E.SO) - ""I don't feel like going home today"" Official MV"
PScL5Ncwa1w,2026-05-31T09:00:06Z,강해온 (HAEON) - 'LOVE VIVA' Official MV
yrWcOc8LMyI,2026-06-12T03:00:16Z,[MV] 토마토맛 (Tomatomat) - 오렌지 런웨이 (Orange Runway) / Official Music Video
b5ezz9eWwPU,2026-06-09T03:04:54Z,Let′s all win together (Rockit Girl Version)
zVa6ijxN4xY,2026-06-13T09:00:33Z,[MV] 안다은 - 바래진 말들 I 멋진 신세계 (My Royal Nemesis) OST Part.7 #멋진신세계 #SBSCatch
kfIk9P90AG8,2026-01-23T03:00:49Z,"[SOFA] 다영, 유진, 재희 - '추억속에서' Ep.01"
SuzhIjXyZ6w,2026-01-31T09:00:06Z,강해온 (HAEON) - 'MAKE D STAR' Official MV
NautPwR9DtU,2026-06-12T09:05:07Z,Hands up
hc1J3x3eCWc,2026-06-11T10:01:43Z,Follow Me (feat. RedOne)
bUMLC9lCgHo,2026-06-14T13:00:02Z,i-dle (아이들) 'Crow' Official Music Video
JqE4vkG-rQY,2026-06-14T09:02:29Z,Again
r6fJ2az5Yi4,2026-06-14T09:01:35Z,I'm Runnin'
w8BZlry3WGE,2026-06-02T15:00:06Z,MELONii 'GASSO' Official MV
E52AXA2ue_4,2026-06-14T09:03:43Z,"Still, Sometimes"
12cGccayP6Y,2026-06-14T09:00:11Z,"[Official] 먼데이 키즈, 이홍기 (FT아일랜드) - '눈물이 더 가까운 사람 (2026)' MV"
EO0fLg006Y4,2026-02-13T03:01:52Z,Don't cut off my vibe
65wXfUAaSx4,2026-06-10T09:00:00Z,이젤(EJel) '여름의 방정식' MV
18ytkDsujR0,2026-02-24T03:00:05Z,[MV] SAVVVY(세비) - 'Skidding' Official Video
xbhDv-cJp5w,2026-06-14T03:12:35Z,"류민희 - 너, 너 (Full ver.)"
6SwzIUKTTJM,2026-06-14T09:00:06Z,지지원 (ZZONE) - We Grow (Live Clip)
HDGCTtuW-Yo,2026-06-15T09:00:04Z,RIIZE 라이즈 'Do your dance' MV
SO2LlE9t3yQ,2026-02-05T09:38:38Z,[MV] SAVVVY(세비) - 'Simple Day'
Ar11flLQ-bI,2026-06-15T08:59:55Z,호시 (HOSHI) ‘SNAPBACK' Performance Film
4o6fxbNAj3A,2026-06-15T09:00:01Z,"JUN. K(준케이) ""Midnight Ticket"" M/V"
MgT9ZCsTTdE,2026-06-02T09:02:36Z,Control Devil
HePLQCd1vS8,2026-06-15T09:02:58Z,YOUR SCENT
J6SCk_AbpH4,2026-06-16T09:00:14Z,로시 (Rothy) - 'Don't Be' Official Video
HgewvBTOJwU,2026-06-16T09:00:03Z,STAYC 스테이씨 '2 L0VE' MV
Ox8NTuI6ex0,2026-06-16T09:00:08Z,미완소년(美完少年) '美完소년 (미완소년)' MV
ppzIniNhrEc,2026-06-17T09:03:43Z,라일락 LILAC
JFOZUFaACzU,2026-06-17T09:00:03Z,온앤오프(ONF) 'Open The Door' MV
iEXktZOXcNo,2026-06-17T09:00:20Z,USPEER (유스피어) 'WICKED GAME' MV
L8qBMSEf_9s,2026-05-31T10:01:28Z,d☆ct (soccer banger)
Ze632hNtGMc,2026-06-17T09:00:24Z,NTX (엔티엑스) 'VAMOS' Special Dance Practice
VlLtGnr3Weg,2026-06-16T03:00:21Z,"저주 (Feat. B JYUN. ,Huiii) Lyric Video #music #playlist"
9UHrfbT9y7A,2026-06-18T09:00:05Z,Gemini (제미나이) - Dress Up (Official Video)
pZOiSUMAKDw,,
m5Qu284WU4U,2026-06-18T09:00:12Z,ILHOON - Glory (Visual Film)
uUi5nN17uw8,2026-06-18T09:00:23Z,데이차일드(Daychild) 'MEMORIES' MV
BvUo2kzTui0,2026-06-18T09:00:06Z,JeA [제아] - ROMANCE Official M/V
eLC7M_8HQAI,2026-06-18T09:00:26Z,시크릿 '아이스크림' MV
OhDmrQUeK-4,2026-06-18T09:02:54Z,I JOA (Highway Remix)
Xi6hXHbcz8s,2026-06-18T03:02:47Z,attitude
wI-BTojLH0g,2026-06-19T03:04:58Z,Like a Bubble (Alawn Remix)
VozWYo0-8zg,2026-06-18T03:00:23Z,김진원 (kimjinwon) - 텅 빈 밤 (vacant) MV
p4Gn5MmnH_I,2026-06-19T09:00:12Z,Unanswered (Feat. doyouka)
8IY44RZHyw8,2026-06-19T09:00:02Z,ISEGYE IDOL (이세계아이돌) ‘Smile For You’ Special Clip
m6d52kUq5yo,2026-06-18T15:00:34Z,OMEGA X (오메가엑스) | ‘UNCAPPED’ Official M/V
omrIyF5o7TQ,2026-06-19T09:03:52Z,i said it
dQabVG2gzeA,2026-06-18T12:52:25Z,ZENE THE ZILLA - Legendary (Feat. 식케이 (Sik-K)) [Official Music Video] (ENG)
RxjJaK2Bk5I,2026-05-07T22:03:18Z,Chrysalis
ANcdX3b39G8,2026-06-18T03:00:36Z,[MV] A-plus(아플러스) _ Summer Night Again(또 다시 여름밤)
fmD_uPp0UQQ,2026-06-19T09:00:03Z,[Special Clip] MINHYUK 민혁 'Reaching'
VojoKqdNIfE,2026-06-19T03:01:54Z,Drive
Y2515E2mTpo,2026-06-20T09:00:23Z,SANDARA PARK - ‘Festival(Reprism Ver.)’ M/V
tkE9uHXhPL0,2026-01-16T03:04:02Z,Crack
tKSdEAAEr8I,2026-06-21T09:00:09Z,A Perfect Day
0q4FzfcbCUI,2026-06-20T09:00:00Z,"can't be blue "" blue daisy "" (Feat. Mulasaki Ima) M/V"
x9o7V-R6PgY,2026-06-15T03:00:36Z,[MV] ContiNewd (컨티뉴드) - Racing Heartbeat (빨라지는 심장의 버릇)
2derLGPaliE,2026-06-21T15:00:03Z,NCT WISH 엔시티 위시 'BOY MEETS GIRL' MV
3j5fXW4xLAk,2026-06-21T03:03:14Z,My Secret Garden
tHKnHp_qzWs,2026-06-22T09:02:19Z,잘 가 Good bye
CsGENgLpyaw,2026-06-22T08:59:58Z,EVAN (에반) 'Ride or Die' Official MV
cGYb0rEmPsU,2026-06-21T03:03:27Z,HW (feat. JIN)
rllfWU5ZedM,2026-06-20T03:03:23Z,It hurts as much as I loved you
dpt0YTvGWE0,2026-06-20T09:00:06Z,『잘 들어』Listen - Original ㅣ 감제이 오리지날 곡
Kdggz2tSGRU,2026-06-23T03:00:26Z,여진(L∞na) 'Red Hot Chili Summer' Official MV
VoNa0Xh2RA4,2026-06-23T09:00:06Z,CLASSy(클라씨) '눈물이 난 채로 걷는 게 나다운 거라서'_Tear drop M/V
jq1utQbun8o,2026-06-23T09:00:01Z,JMIN - TOKYO HIGH (feat. 김하온 (HAON)) [Official MV]
UJtT6U_fpwA,2026-01-28T03:01:43Z,Twilightreat
4HgrKNeAIWQ,2026-04-02T03:03:37Z,아우슬레데
1z1WYlvQShM,2026-06-23T09:02:09Z,My Wonder
boZG9LDgrwA,2026-06-23T09:01:20Z,[M/V] 보라미유 - 라면 먹고 갈래요? :: 닥터 섬보이(Doctor on the Edge) OST Part.5
aFCnslSYwsI,2026-06-01T03:01:41Z,Why does love always end
rrWT4W07UHg,2026-06-23T09:02:47Z,Rain on me
8w2dMBph450,2026-06-23T09:00:02Z,VAYONN(베이온) ‘Watta Day’ MV
MeCrLS7OtTw,2026-06-24T09:03:03Z,I'm in NY
Q7IFjVUUb_E,2026-06-24T04:00:01Z,"Stray Kids ""RUN IT"" M/V"
uT21XVIB1Hk,2026-06-18T10:59:07Z,YOU DAYEON「Dream Rusher」Official Music Video
cmKpzS_AvMo,2026-05-17T03:03:10Z,너 없이 나는 어떻게 살아
mJlxT7OQ850,2026-06-23T03:03:50Z,My Day Only Looking For You
HnnJGp04iNc,2026-06-24T09:00:08Z,PRIMROSE(프림로즈) 'Cosmic' Official M/V
YdVyAU4N5ys,2026-06-25T03:00:06Z,KISU - 'Whale in the Daylight' MV
7tAqTZATR84,2026-06-25T04:00:06Z,AtHeart 앳하트 'Say It' Official MV
pDWUvEali_Y,2026-06-25T03:30:06Z,【MV】사령화(四靈花) – '윤회(輪廻)'
po2oysXf0AQ,2026-06-25T09:00:12Z,Without U
Y8EwFN0g8pg,2026-06-24T09:00:02Z,AxMxP (에이엠피) - 편의점 불빛 (24 Hours) MV
G__LJdo2FKY,2026-06-26T04:00:06Z,MARQUISE - dontneedyouanymore (Official Music Video)
AtA2V44z0nU,2026-06-25T12:00:14Z,[Official M/V] cosmosy ‘Paradise ~ I need you ~’
W8w1uNsaqXo,2026-06-25T09:00:28Z,[Audio] 래원 (Layone) DS [2종보통멋쟁이]
-q_S27LbNKU,2026-06-26T04:00:00Z,ATEEZ(에이티즈) - 'BAD' Official MV
L9VNIOcfSOU,2026-06-26T09:00:21Z,HITGS(힛지스) 'Little By Little' MV
IOa8J_P-YWw,2026-06-25T09:00:32Z,빈첸 (VINXEN) x 니온 (NE:ON) - FLIP (Official M/V)
AMgcKwHUCtk,2026-06-26T09:00:06Z,from20(프롬트웬티) - BIG BOY MV
0YWBBv2nh08,2026-06-23T09:00:32Z,D.I - 'Open the sky (With.kipple)' Official MV
T-3ddfkLvTs,2026-06-27T09:00:12Z,몬트 (M.O.N.T) - RUN Official Music Video
6WvnYSV13w0,2026-06-27T03:04:13Z,UDTT 우당탕탕 소녀단 'VIPER' MV
EQY3hJI1PlE,2026-06-27T11:00:15Z,dearALICE - Body On (feat. SWEET REVENGE & Enola) (Lyric Video)
4MdYJtV3FyE,2026-06-26T09:00:07Z,[MV] ALPHA DRIVE ONE (알파드라이브원) - GO! GO! I 김부장 (Agent Kim Reactivated) OST Part.1 #김부장 #SBSCatch
ePmZZSVL5Hg,2026-06-27T11:00:36Z,김소희 KimSoHee '늦어도 되는 하루(Slow It Down)' Live Clip
mGwQR2-kuCM,2026-02-26T10:03:00Z,ふられ気分で ROCK'N' ROLL (Myun Cover)
n2bzA-ksXZI,2026-06-28T15:00:07Z,ENHYPEN (엔하이픈) ‘We'll Be Fine’ Official MV
nmiSx0RRcSk,2026-06-26T09:00:04Z,Little Bunny (VIVINOS-ZOMST Original Soundtrack Part.0)
MfYp6uOc6gw,2026-06-28T09:00:06Z,"FEELDOG - '5, 6, 7, 8 (with BANKTWOBROTHERS)' Official MV"
KK7OAI7fDJU,2026-06-26T09:03:13Z,Candy Scar (VIVINOS-ZOMST Original Soundtrack Part.1)
yoHDOqWCosc,2026-06-29T09:17:05Z,B:DAWN(비던) '유월의 날씨' | Official MV
NS9akHHu8uA,2026-06-26T09:00:37Z,이승윤 '무얼 훔치지(What Do I Steal?)' Official MV
Jm8SJsLw-Qk,2026-06-26T09:00:11Z,Happy Depression
WdZpUOqGvA0,2026-06-29T04:00:00Z,ATEEZ(에이티즈) - 'BAD (Ollounder Ver.)' Lyric Video
pBpr9TnhhkE,2026-06-29T08:59:58Z,𝗩𝟴 'singasong' Official MV
MNFq6SJOORg,2026-06-15T09:00:03Z,정대현(JUNG DAE HYUN) '무인도(Why Am I Still Here)' MV (4K) (ENG/CHN/JPN)
TB7gIXlvq-0,2026-06-27T16:00:15Z,LAY - Call My Name (Official Music Video)
mnLTpuVk8Vs,2026-06-30T04:00:00Z,ATEEZ(에이티즈) - 'BAD (Steve Aoki Ver.)' Lyric Video
UeKP1F-MAeI,2026-06-29T03:00:37Z,해나 (HAENA) - 틀린 답만 골라 (Dear My Errors) MV
LtSXx56Mhvw,2026-06-30T15:00:22Z,ONEUS (원어스) 'Under' MV
1dmmtkfS0PU,2026-06-05T09:00:01Z,LE SSERAFIM (르세라핌) 'BOOMPALA (feat. SANTOS BRAVOS)' Official Visualizer
paCZO7G3YKE,2026-06-30T09:00:21Z,키마 (KYMA) - '어린 나 (Little Me)' Official MV
7Vj4aOP4uKw,2026-06-29T09:05:24Z,This Too Will Pass
4L2qXBTWPbU,2026-03-17T03:00:00Z,[MV] CHOIJUNSEONG(최준성) (Jun S) - L[ ]VE(가짜사랑)
70oBbBRUB-I,2026-06-18T10:04:20Z,focus on me
CpfnyLaUM6k,2026-07-01T09:00:04Z,유아유(UAU) 'GENE' MV
QW28YKqdxe0,2020-06-29T15:02:43Z,NiziU  『Make you happy』 M/V
-Gx9Y_O735E,2026-07-02T04:00:01Z,ATEEZ(에이티즈) - 'BAD (James Carter Ver.)' Lyric Video
cVA96fkEcNY,2026-07-02T09:00:19Z,츄 (CHUU) 'RULE (feat. 헤이즈 (Heize))' MV | Official
ClbQHNIa2PM,2026-06-29T09:00:07Z,백아연(Baek A Yeon) ‘들어봐’ Official M/V
QMYZdHVINJk,2026-05-08T18:37:40Z,程安娜Anna Debut Single 《I H8 U》Official MV (KPOP&CPOP)
6D1ega4uLTs,2026-07-01T09:30:35Z,[사랑의 하츄핑: 고래보석의 전설] 재희X유하 '눈을 떠봐' 뮤직 비하인드 영상 공개🌊
uu9PqGb8NMs,2026-07-01T09:04:59Z,Mamma Mia(Who We Are)(AHOF Ver.)
zGSQkVE_qUE,2026-07-01T09:00:27Z,[내일도 출근! OST] 서인국 - 날 채워준 한 사람
wOWJslOeJrQ,2026-06-30T09:00:13Z,CHOI YOOJUNG 최유정 - '비장의 무기 (Perfect Target)’ M/V
3BeeOJApWEo,2026-07-02T03:03:46Z,아프려고 하는 사랑은 아니었기에
joe-bNMjYvs,2026-07-01T09:00:08Z,IVE 아이브 'LUCID DREAM (☆Taku Takahashi Remix)' Official Visualizer
ot3oRVtoU04,2026-07-03T09:02:44Z,Shadow Chaser
pWTKR-q-Xgs,2026-07-03T04:31:09Z,LAY - Victorious Fighting Buddha (Special Video)
6--VNmhSAYg,2026-03-21T10:58:00Z,터치드(TOUCHED) – 서른 즈음에 [불후의 명곡2 전설을 노래하다/Immortal Songs 2] | KBS 260321 방송
idiYWmiYXUk,2026-07-02T09:00:12Z,THE FIX (더 픽스) - 'DIE IN THE MOSHPIT' Official Video
tN2M03g22oU,2026-07-01T09:04:59Z,MacGuffin
Iju9QA9RpQs,2026-06-17T02:45:08Z,015B - 'Glimmers' Official Music Video
ShO8OAa2Zjo,2026-06-30T05:00:14Z,Ki:XÉ 키제 “˃mew˂” MV
VVO05mYGFY8,2026-06-29T09:00:06Z,[MV] 태연 (TAEYEON)_ 만찬가 (晩餐歌 / BANSANKA) : J-POP REMAKE Vol.1
0AgErNRXFuo,2026-07-05T03:03:14Z,Ketchup
qC0G3FyFuCk,2026-05-12T02:45:04Z,015B - '논리의 문제은행 (Logic Bank)'  Official Visualizer
9HHDMxdm_0A,2026-07-04T09:00:28Z,[MV] 블라세 (BLASÉ) - Revenant I 김부장 (Agent Kim Reactivated) OST Part.3 #김부장 #SBSCatch
utA9BIg0ajU,2026-04-17T09:04:29Z,Mirage
_LDfxna5yQM,2026-07-06T04:00:01Z,ATEEZ(에이티즈) - 'BAD (Ofenbach Ver.)' Lyric Video
cssAjas-GeY,2026-07-05T09:04:04Z,Loving You (Feat. Jae Woo AN)
b0ct-yBwitw,2026-06-11T09:16:49Z,[W24] 'water gushes' Live Clip : Vintage Edition
0Hq3NgbHzTU,2026-07-06T09:00:20Z,니엘 (NIEL) 'California' MV
6nYG4VP_VT8,2026-07-06T03:00:32Z,DXMON(다이몬) 'CHEESE' MV
PxRU4wCuurg,2026-02-27T03:00:34Z,[W24] 'mustard seed' Live Clip
4k64rp8KJAk,2026-07-07T09:00:02Z,KIHYUN 기현 'So Good' MV
qZlu2j2SiBA,2026-07-08T08:59:55Z,RESCENE (리센느) 'Pretty Girl' Special Video
PCaCPdv6Iko,2026-03-11T03:58:24Z,015B - '시간(Time)' Official Audio(가사)
sEIc7-gx3e4,2026-07-07T09:01:11Z,파도
0wFc8B11IiQ,2026-04-15T03:57:58Z,015B - '5월 12일 (Feat. 이장우)' Official Visualizer
9ARZTCaaXx4,2026-07-07T09:00:06Z,카린(Karin) 'Encore' Official M/V
IbZJwu6HEUY,2026-07-07T09:01:01Z,ZENE THE ZILLA - 여전히 뜨거워 (Official Music Video) [ENG]
OhbMVYVNo40,2026-07-08T09:00:00Z,AHOF(아홉) 'RUN TO YOU' Official MV
TcMV9YeT9Sw,2026-07-07T15:00:06Z,QWER 'SHOW DOWN' Official MV
ajm0sX4BK1M,2026-07-08T03:00:16Z,"kursor - Dirty, Guilty (Special Clip)"
X-KQJoVYmsk,2026-02-11T02:45:06Z,015B - '그녀의 의자(A Chair for Her)' Lyric Video
qKQNz4QoY68,2026-07-07T09:00:04Z,최성윤 (CHOI SUNG YUN(Y)) - BLUE MOON MV
NkKSgPp4oIU,2026-07-08T08:59:18Z,TRENDZ(트렌드지) 'On My Knees' Official MV
UiB_4VGIRHA,2025-03-26T02:45:06Z,015B - '나는 니가 죽는 것도 보고 싶어 (Feat.이서현)' M/V
bIrtdgmCVuU,2026-07-02T09:02:30Z,Ivy
yYQ736VFmDw,2026-07-08T10:00:37Z,윤마치(MRCH) -  시소인간 MV
RDhgs3jSuJm,,
17ko9qZCxhA,2026-02-10T03:00:04Z,강다니엘(KANGDANIEL) - Stay Special Video
RDAGnKcvUqK,,
SLg8OZG9cGc,2026-07-09T09:00:24Z,Meaningful Stone - 1+1= 0 (feat. Jay Som) [OFFICIAL MUSIC VIDEO]
H5NMoH9zz1k,2026-07-07T09:00:13Z,예빛 (Yebit) ‘비행기’ Official MV
7SBhpWKOz6Y,2026-07-10T09:00:21Z,Kid Wine - 사랑이야 (It's Love) (Official Music Video)
RVC4bqqMD5c,2026-07-10T04:00:04Z,"JIHYO, SHENSEEA, FANDOM  - Distant Lover (Official Music Video)"
ZptKVcibc1c,2026-07-10T03:00:26Z,에이스 (ACE) 'Silk Drop' MV (Performance Ver.)
wuF8Q_iq7Bo,2026-07-10T09:00:00Z,JAEHYUN 재현 '99 Degrees' MV
ihvuwqlGHXs,2026-07-10T03:58:06Z,YEONJUN (연준) 'Ice Cream' Official MV
W-gPh7-Sdec,2026-07-10T10:03:00Z,The Calling
YZoD0wu9kAo,2026-07-09T09:00:12Z,LIM KIM - INSA (인사하세요) feat. Bree Runway | Visualizer
O2uTlnybbH0,2026-07-02T09:00:03Z,[MV] 10CM _ Crushed(일말의 가능성)
Xg8mR_srsDc,2026-07-10T17:00:25Z,dearALICE - Body On (Boys Version) (Official Music Video)
0ZtGSpAoNMI,2026-07-10T15:00:00Z,idntt 아이덴티티 'Kids Return' MV Teaser
0lGTAroEN4s,2026-07-09T09:00:36Z,큐 (THE BOYZ) - Anytime [Music Video]
w_7bz3MMI00,2026-07-08T09:00:28Z,[LIVE] 소수빈 (So Soo Bin) - 더 아름다워져
i8nGyt2nU4s,2026-07-10T09:00:25Z,The Symphony of Fxxkboys (minlee Remix)
PDdJqkoXbu4,2026-07-07T15:03:12Z,HAJIMARI COLOR
oS1sZ9du7oQ,2026-07-11T10:22:15Z,Level Up (한계돌파)
sYkqUY1l7uA,2026-07-08T09:03:44Z,"Everyday, Everynight"
_lw0jM3HV8k,2026-07-01T09:00:36Z,Dear.J (Feat. Jay Park)
cgdQRylvbuI,2026-07-06T03:00:20Z,"[MV] Pagaehun (박태훈) ""Hey Girl"" Official Music Video"
xd31zh3HMpw,2026-05-16T09:00:06Z,"[Special Clip] Pagaehun (박태훈) ""너 사용법"""
lFxXpXk35Eo,2026-07-13T09:00:11Z,영파씨 (YOUNG POSSE) '미스터 2026' MV
RKR8lnKy0Lw,2026-07-02T03:00:37Z,𝐀𝐒𝐂𝐄𝐍𝐃𝐄𝐑 '𝐖𝐄 𝐁𝐄𝐋𝐎𝐍𝐆 𝐓𝐎𝐆𝐄𝐓𝐇𝐄𝐑' 𝐌𝐕
8DwTAa5hPsA,2026-07-13T03:00:39Z,WOOAH(우아) - ‘SUMMER’ MV
cdtJ7KzVZiw,2026-03-18T09:00:06Z,"[Visualizer] Pagaehun (박태훈) ""OoAA"""
E1d8dVSs0Bg,2026-07-12T15:00:03Z,NCT WISH 엔시티 위시 'YO-I-DON!' MV
Xaof9_6iXJs,2026-02-08T03:00:40Z,Itzel - Unstable [Official Audio]
5enP7An6vBs,2026-03-22T03:02:12Z,"Still Love, Still Alive"
1vQSHni2MCA,2026-07-12T10:00:06Z,블리즈 ( VLYZ ) - GLORY | Official MV
jndTWh0JSN0,2026-02-28T03:01:02Z,Itzel ‘Whoo!’ Official M/V
s0eGSDlBqEs,2026-05-02T03:01:14Z,Gobble Up
X8lCOhyxxEc,2026-07-13T09:00:03Z,DAILY:DIRECTION 'DOWN WITH IT' MV
aojxinAN-eU,2026-07-13T04:00:39Z,Ice Cream (Earl Grey Ver.)
irMpQE-DWUQ,2026-07-14T04:00:06Z,Hebi - Unbound (Feat. Mint Fantôme)
3TyAN9X03ms,2026-07-07T09:00:36Z,쿠잉 (COOING) - 4 in 6 out official MV
U--182lC5AE,2026-03-14T09:01:24Z,[M/V] LUCY - Two Faced :: 하루만 네가 되고 싶어 X LUCY
69wU4HA7Ufg,2026-07-13T02:59:59Z,SON JUNHYUNG 'CRUSH' MV
0glyNM-gOFo,2026-07-13T04:00:37Z,Ice Cream (Cotton Candy Ver.)
NnybSob6R_8,2026-07-13T04:00:10Z,Ice Cream (Mango Chili Ver.)
kUzlZB_gXh0,2026-07-14T03:00:04Z,김지웅 KIM JI WOONG - 'CLOSER' MV
JebaOMAuIyw,2026-07-13T09:00:07Z,SUPER JUNIOR-83z 슈퍼주니어-83z '너를 위한 약속 (Promise)' MV
uR8nG6D32Tk,2026-07-13T04:00:35Z,Ice Cream (Espresso Ver.)
6tRrCe0MA8I,2026-07-14T03:00:22Z,디노 DINO - Beyond the Dream Official M/V
Jbf4eBRoDsI,2026-02-04T01:28:00Z,Brooklyn Van Zandt – BREATHE (Official Lyric Video)
qjAAqqO2TJU,2026-07-15T12:00:06Z,ONE OR EIGHT / YANKEE SQUAT (Music Video)
m1EK1kEjQEM,2026-06-12T04:00:06Z,Brooklyn Van Zandt - Don't Think It's Real (Official Lyric Video)
M6EyUZ3ANuM,2026-07-15T09:00:13Z,선미(SUNMI) 'Forever July' MV
cPlREAajfR8,2026-06-10T09:00:34Z,엔분의일 (ONE OVER N) - Open My Eyes
hCc3PJyV050,2026-07-04T09:00:10Z,TT
pmJc_QsDp_k,2026-07-09T09:00:17Z,주니엘 (JUNIEL) '푸른엔딩(Summer Scean)' MV
jIwaSfd9e0Q,2026-07-10T09:00:37Z,"MilliMax, TRADE L, ZENE THE ZILLA - Tradition (Official Music Video) [ENG]"
HU77rxvjrxw,2026-06-22T09:00:32Z,T (Feat. George)
3gw5H1y0cx8,2026-06-25T10:04:06Z,what now?
Bf-2J9jmW4A,2026-06-26T04:03:16Z,Brooklyn Van Zandt – Eaten By Flowers (Official Lyric Video)
9hY5yk2UAHE,2026-07-14T09:00:11Z,Rain Drops (Feat. Chodan of QWER)
wVDb6xpA75E,2026-07-15T09:00:18Z,이민혁 (HUTA) 'Icy & Spicy' MV
sCI9hUO7TRI,2026-06-19T07:44:09Z,"TOIL, Hash Swan, 최성 - 해무"
RGAemb7OtO4,2026-07-14T15:00:17Z,"千葉雄喜(Yuki Chiba), Lil Moshpit, ちゃんみな ― アニョハセヨ (ちゃんみな Remix)"
5J31p164daA,2026-06-19T09:04:23Z,She Want Gucci (with. TRADE L)
0v3jfJM41OY,2026-07-14T09:00:33Z,ㅠ (demo)
Selvf5mu-7U,2026-03-06T05:00:33Z,Brooklyn Van Zandt – I AM THE MUSIC (Official Lyric Video)
4_SI6JIXSKs,2026-06-17T10:00:02Z,Goopy - Rousseau (Official Visualizer)
ZWzO50OCbqs,2026-07-16T09:00:20Z,브브걸 (BBGIRLS) ⎮ 'BODY WAVE' Official M/V
pRFv0A0f6tM,2026-03-08T09:01:09Z,류 (Ryu) - 반복 M/V
yECj5RzbGYo,2026-07-16T09:00:29Z,Han Yo Han - check in M/V
Zu3YzJLDIn0,2026-07-16T09:00:18Z,김뮤지엄(KIMMUSEUM) - I'M BAD (Official Audio)(Lyric)
DKipFKjAOwQ,2026-07-16T09:00:34Z,LUNEDI - CIRCLE (Official Visualiser)
QRO3GeLK9go,2026-07-16T09:05:40Z,어센트(ASC2NT) 2nd Digital Single ‘편의점 앞 신호등’ MV
Zt_37l7NiJw,2026-07-15T08:59:59Z,피철인 (Picheolin) '아프지 않은 이별은 없다 (narr. 이문세)' Official MV
2Wk4vsz65jo,2026-07-15T09:00:00Z,권진아 Kwon Jin Ah 'MONSTER' Official MV
iQzBz-JV2zg,2026-07-17T04:00:01Z,"GIRLSET ""CHAT"" Music Video"
qCw-wpO2fng,2026-07-14T09:00:38Z,"HAON, NOWIMYOUNG, JMIN - HIGH TOP [Official MV]"
CWYw6UAE0Qk,2026-07-17T03:04:21Z,melty
sqYNGZJWNcw,2026-07-17T10:00:19Z,UNIS(유니스) 'ギミサマ☆(GimmeSummer☆)' M/V
sT1VOlWjJ00,2026-07-17T04:00:05Z,NORMAL (Explicit Ver.)
2kdopwq4njQ,2026-07-17T08:59:57Z,"원우 (WONWOO) '봄, 여름, 가을, 겨울' Official MV"
6nE5NQXzhK4,2026-07-18T09:00:24Z,Zero Gravity Love | Official Video (MV)
aPDfmCib4_Q,2026-07-08T03:00:26Z,이신혁 - 소풍과 안부 (feat. 정은지) Official MV
1lsMNSuFm9U,2026-07-13T03:04:14Z,Sundown
Tos8R9Tcem8,2026-07-09T09:00:18Z,[MV] 한로로 (HANRORO) - 너와 나(You and I)
l9wOpEjjaSs,2026-07-17T09:01:52Z,What to say
LfK_184x5t0,2025-08-31T09:00:24Z,한혜리 (HAN HYE RI) - Clockwork MV
