Artist ID,Album ID,Album URL,Album date,Video link,Album type,Label,ID
Idol-alexa2,2026-tongue-tied,/musicalbums/2026-Tongue-Tied,260226,,,,
Idol-chuu,2026-xo-my-cyberlove,/musicalbums/2026-XO-My-Cyberlove,260107,J3WxAEN2Ow4,studio,ATRP,a1bfd97e-b54e-418e-a808-279300ff2c1c
Idol-unknown,2026-ghostcity,/musicalbums/2026-Ghostcity,260101,No2UhSOp8aM,single,"Daytona Entertainment, PYRAT, Choi Seong",27e20b07-9832-4b9f-b463-a86b1c0c67e7
Idol-joohoney,2026-insanity,/musicalbums/2026-INSANITY,260105,eDSb9J1DJKc,mini_album,Starship Entertainment,3660de04-92f8-451b-8d1a-6f363bd3de7c
Idol-soohyun2,2026-gray,/musicalbums/2026-Gray,260107,PQCcR2mrABw,mini_album,New Boat,81e26a93-9de4-4d62-b890-e8f6e391fc7f
Idol-yonghwa,2026-one-last-day-japan-special-edition,/musicalbums/2026-One-Last-Day-Japan-Special-Edition,260211,Lr-7BBhUJio,mini_album,FNC Entertainment,5dbd4ffb-28d6-45aa-ac26-95f43a4142d8
Group-alpha-drive-one,2026-euphoria,/musicalbums/2026-Euphoria,260112,P8VVnopM610,mini_album,WAKEONE,fec7a794-3c5f-4359-aa04-9eb674126efa
Group-aoen,2026-falling-in-seconds,/musicalbums/2026-Falling-in-Seconds,260318,DzV97MXTZx8,single,YX Labels,7716a7bc-61c9-4cda-ad45-c76e1c35db4f
Group-apink,2026-re-love,/musicalbums/2026-Re-Love,260105,y2os26sMjOg,mini_album,With Us Entertainment,f472bddc-3dc6-46a5-b68a-190696720bed
Group-chrocktikal,2026-we-break-you-awake,/musicalbums/2026-We-Break-You-Awake,260115,xSx4g9c4yZU,studio,Dreamcatcher Company,fc75976d-956f-41a9-975c-e489a2df6e7e
Group-cnblue,2026-3logy,/musicalbums/2026-3LOGY,260107,ND5FhEsjVUk,studio,FNC Entertainment,38c24897-c5f3-41d5-9666-f5020c0adbc9
Group-cnblue,2026-still-a-flower,/musicalbums/2026-Still-a-Flower,260101,YgwGBgZEKaM,single,FNC Entertainment,1f660d09-f002-4634-8033-52e2266083f8
Group-dk-x-seungkwan,2026-serenade,/musicalbums/2026-Serenade,260112,blYK_tKXn9E,,,
Group-enhypen,2026-the-sin-vanish,/musicalbums/2026-THE-SIN-VANISH,260116,R6e4tBWxIxE,mini_album,BELIFT LAB Inc.,30eb091f-94bc-47c1-b6af-c87c416265de
Group-exo,2026-reverxe,/musicalbums/2026-REVERXE,260119,7hTbNeHqGD8,studio,SM Entertainment,57717ad0-9e91-4db9-a8d2-704bfb18c501
Group-for-the-more,2026-highlight,/musicalbums/2026-HIGHLIGHT,260128,yRTwoFiqQHY,mini_album,99Major,e799f14c-d33c-4675-bb7d-18b0be91e086
Group-geenius,2026-love-don-t-change,/musicalbums/2026-Love-Don-t-Change,260115,,,,
Group-h1-key,2026-the-world-is-not-like-a-movie,/musicalbums/2026-The-world-is-not-like-a-movie,260105,_UiZ-Uuw1ro,single,Choi Creative Lab,30e26920-7308-4b0e-b5aa-c36baca944e2
Group-illit,2026-sunday-morning,/musicalbums/2026-Sunday-Morning,260113,-01oDwXKSuE,single,BELIFT Lab,bc312258-544c-466b-b5b4-3ab62ecd6b57
Group-is-sue,2026-phase,/musicalbums/2026-PHASE,260114,kacuL0bgsdI,single,LAPONE Entertainment,dcb08dc7-3ab7-4167-b2fc-1fe28aaf4f8b
Group-katseye,2026-internet-girl,/musicalbums/2026-Internet-Girl,260102,5q9EjSUovc4,single,HYBE x Geffen,8c8ba48d-aa37-4164-a2af-a5cab7798674
Group-latency,2026-it-was-love,/musicalbums/2026-It-Was-Love,260108,nhDcqoetCy8,single,Oddinary,25fd9552-31c5-47db-8bc2-6fc8cb3e3940
Group-lngshot,2026-shot-callers,/musicalbums/2026-SHOT-CALLERS,260113,GFRu5ea_klk,mini_album,More Vision,9458b82d-0148-4790-b3b6-aeecb82e92b5
Group-me-i,2026-ltor,/musicalbums/2026-LtoR,260109,kDvjltW21ag,single,LAPONE GIRLS,aac13009-ba8c-4206-acc7-1774fb50b531
Group-misamo,2026-play,/musicalbums/2026-Play,260202,ELaFmC2UFzk,,,
Group-n-ssign,2026-funky-like-me,/musicalbums/2026-Funky-Like-Me,260113,LVw93DLIE78,single,n.CH Entertainment,d3fe09a8-bd63-4ee4-a229-34078eb89d4b
Group-nct-wish,2026-wishlist,/musicalbums/2026-Wishlist,260114,UulR1x4tvZE,mini_album,SM Entertainment,7a87b216-4064-4151-8783-25130bc9b81c
Group-re-hearts,2026-persona,/musicalbums/2026-Persona,260103,_onCG9RhAIo,,,
Group-riize,2026-all-of-you,/musicalbums/2026-All-of-You,260218,yfKBI5l81-A,single,SM Entertainment,b5ed519e-768b-4904-9f54-90c1c82034d5
Group-stayc,2026-stay-alive,/musicalbums/2026-Stay-Alive,260211,udOf9JGMA7U,studio,Mercury Tokyo/UNIVERSAL MUSIC LLC,b113b70b-5285-44dd-ba33-3beed319ddfb
Group-waker,2026-in-elixir-spellbound,/musicalbums/2026-In-Elixir-Spellbound,260108,F8YTLNrg8nE,mini_album,HOWLING Entertainment,a4fecaf6-e39f-4b7b-a10e-ada7ad02dce6
Group-xg,2026-the-core-he,/musicalbums/2026-The-Core-he,260123,8cEdndsuzSE,studio,XGALX,bb48a4f6-5f5c-411b-971d-9cb4f8ca6fa3
Group-yesweare,2026-yesweare,/musicalbums/2026-yesweare,260105,n71tJihpPHA,,,
Group-zerobaseone,2026-re-flow,/musicalbums/2026-RE-FLOW,260202,v5_GoNFr5wc,studio,Wakeone,f6d8ba73-c2de-40c8-8445-3e3930746b90
Group-idntt,2026-yesweare,/musicalbums/2026-yesweare,260105,n71tJihpPHA,,,
Idol-unknown,2026-love-me-ost-part-3,/musicalbums/2026-Love-Me-OST-Part-3,260103,rjQFemcplN8,ost,SLL,6d1cb202-e2ff-483a-9137-e1818e6b0299
Idol-ha-sung-woon,2026-tell-the-world,/musicalbums/2026-Tell-The-World,260105,z_ss4Yf-VZ4,single,BPM,d55935d4-b49c-406e-a356-ba254191a2bd
Idol-loopy,2026-seoul,/musicalbums/2026-SEOUL,260109,WZgam7x_ymU,,,
Group-close-your-eyes,2026-judge-lee-han-young-ost-part-1,/musicalbums/2026-Judge-Lee-Han-young-OST-Part-1,260103,3Lj1CoLVQbU,,,
Group-misamo,2026-play,/musicalbums/2026-Play,260204,ELaFmC2UFzk,,,
Idol-kursor,2026-90-s,/musicalbums/2026-90-s,260104,N_P7j2JG7ws,single,BIXIZ XOUND,b5521ed6-a465-44bb-a68c-12d46a2b9427
Idol-unknown,2026-between-you-and-i,/musicalbums/2026-Between-You-and-I,260103,fg-6jkI8B6M,single,Independent,9d564461-01a5-4c8f-8a42-e16aae337a48
Group-close-your-eyes,2026-the-judge-returns-ost-part-1,/musicalbums/2026-The-Judge-Returns-OST-Part-1,260103,3Lj1CoLVQbU,ost,Most Contents,70e5e420-4c58-4a0c-bb30-283074482d51
Group-oneus,2026-origin,/musicalbums/2026-Origin,260120,-XJi9qCv_1s,,,
Group-onewe,2026-studio-we-recording-4,/musicalbums/2026-STUDIO-WE-Recording-4,260130,KyRERlh3X28,mini_album,RBW,96dfef9e-5ed1-47d0-abd2-9f9f61434a2f
Idol-dia2,2026-dance,/musicalbums/2026-Dance,260109,CkBdKswwN0s,single,Symphonic,30e729b0-4eb5-4ed1-8573-23bd49934dda
Idol-inseong,2026-crossfade,/musicalbums/2026-Crossfade,260114,5dfsW2CBNPs,mini_album,FNC Entertainment,ab88c8aa-b136-4236-86f2-4da240cc80c4
Idol-lia,2026-idol-i-part-6,/musicalbums/2026-IDOL-I-Part-6,260106,1UyzVpQDkW8,ost,Genie Music,e1a566da-5ba0-4072-96f7-f23112177415
Group-aesther,2026-starlight,/musicalbums/2026-Starlight,260110,fAVrqc-IphQ,,,
Group-unknown,2026-yesweare,/musicalbums/2026-yesweare,260105,L_IrTG4E-CY,mini_album,MODHAUS,109c9e1f-4229-43e6-86b2-87ca8717e1f8
Group-kiiikiii,2026-delulu-park,/musicalbums/2026-DELULU-PARK,260126,,,,
Group-zerobaseone,2026-running-to-future,/musicalbums/2026-Running-to-Future,260109,v5_GoNFr5wc,single,WAKEONE,bd87a04d-8d32-4a1c-8f6d-8fceb383188c
Idol-bada,2026-our-loud-goodbye,/musicalbums/2026-Our-Loud-Goodbye,260107,OrlkRhaVnhk,single,WAVENINE,37643307-3975-4339-8fe0-2fec0f66236b
Idol-dept,2026-blue,/musicalbums/2026-Blue,260107,zSFmsS5ufDs,,,
Idol-wonpil,2026-wish,/musicalbums/2026-Wish,260107,22CcsqxQdW0,,,
Group-2z,2026-6-six,/musicalbums/2026-6-SIX,260114,3SiRPF5OOzo,single,GOGO2020,e7e9f705-2a48-4bf4-99dc-d01613c06ae1
Group-kiiikiii,2026-delulu-pack,/musicalbums/2026-DELULU-PACK,260126,zhHB4dZTChw,mini_album,Starship Entertainment,2f765ec7-5d7b-4148-9296-c8121057aac4
Idol-unknown,2026-beautiful-pain,/musicalbums/2026-Beautiful-Pain,260115,KRAFmgTECWw,single,Cube Entertainment,c86435ee-3ad6-4966-827b-674250e95ebc
Group-hades,2026-planet-b,/musicalbums/2026-Planet-B,260109,hRlt2L-MJKU,single,ORViT Entertainment,8a0e8d50-a69c-47c1-af43-980f04ace1e0
Group-young-posse,2026-lose-your-shxt,/musicalbums/2026-Lose-Your-Shxt,260110,Vxj8vwMYHP4,single,DSP media,308122a6-b685-4aca-931a-8ab5bae0321e
Idol-henry,2026-cold-air,/musicalbums/2026-Cold-Air,260110,i3hQxcVNXx0,single,AMBI Entertainment,0209ec41-fea0-4f06-b723-1b8b14ece884
Idol-jeong-hyo-bean,2026-marigold,/musicalbums/2026-Marigold,260125,LvoIv3PTk9c,,,
Idol-jiseong,2026-requested,/musicalbums/2026-Requested,260110,JGvx-7IkUCA,single,DIPBLU,cce8962f-3f06-4c37-b90c-9b5e6d2d3be1
Idol-yeoeun,2026-do-you-know,/musicalbums/2026-Do-you-know,260109,2gbVYUcPRwY,single,Yogurt Studio,1da4925e-d8d4-45f4-9e12-f346f0f62c82
Group-catch-the-young,2026-evolve,/musicalbums/2026-Evolve,260119,V6yhQw99NYY,studio,Evermore Entertainment,e456ec63-dee9-446a-b900-0f1431afcf6c
Group-la-poem,2026-alive,/musicalbums/2026-Alive,260120,nzWl5oaZ1Gg,,,
Group-oneus,2026-won,/musicalbums/2026-Won,260120,_UQCWEp-8BQ,single,RBW,4c763938-1303-41af-be2c-4b51fa63f8c5
Idol-miyeon,2026-spring-fever-pt-1-original-soundtrack,/musicalbums/2026-Spring-Fever-Pt-1-Original-Soundtrack,260106,v94Q1nzU4Vc,ost,Stone Music Entertainment,4f94a536-c756-4a8b-b03d-aa430fece4ba
Idol-younha,2026-sub-character,/musicalbums/2026-Sub-Character,260202,4TRS7y4qdWs,studio,C9 EntertainmentC9 Ent,f6fedd7f-d626-47a7-875f-12ce09758c04
Group-2nb,2026-if-i-didn-t-meet-you-that-day,/musicalbums/2026-If-I-Didn-t-Meet-You-That-Day,260111,VseIEV6xl1c,single,Donuts Culture,13d4d026-189d-4a45-a482-f5592145c82c
Idol-ha-sung-woon,2026-to-my-beloved-thief-pt-1-original-soundtrack,/musicalbums/2026-To-My-Beloved-Thief-Pt-1-Original-Soundtrack,260104,ER4YaTP2Sc8,ost,Stone Music Entertainment,7558d821-ecf8-4a86-b656-6b75cbbc8050
Group-ateez,2026-golden-hour-part-4,/musicalbums/2026-GOLDEN-HOUR-Part-4,260206,qDpEcO1hlZE,mini_album,KQ Entertainment,a43ce092-b537-4ba8-8efb-ab4e93b054e1
Group-enhypen,2026-dark-moon-the-blood-alter-ost,/musicalbums/2026-Dark-Moon-The-Blood-Alter-OST,260112,EKrsvC7XxhE,ost,Belift Lab,bfe47db7-b12f-463c-80bc-5989744400ae
Group-kickflip,2026-to-my-beloved-thief-pt-2-original-soundtrack,/musicalbums/2026-To-My-Beloved-Thief-Pt-2-Original-Soundtrack,260111,HHkj1M34QNg,ost,Stone Music Entertainment,c87e8a69-f809-4f75-96ff-14eedcae8b96
Idol-yeoeun,2026-because-you-re-so-beautiful,/musicalbums/2026-Because-You-re-So-Beautiful,260113,bxPt9jC1Xxo,single,"WM Entertainment, Yotyu",f47b3402-7cd4-4772-a84c-d69a192423de
Group-axmxp,2026-amplify-my-way,/musicalbums/2026-Amplify-My-Way,260121,pAgRuO6h7OE,mini_album,FNC Entertainment,1a85430e-e574-44de-b8c4-beb6f97313bb
Group-kaja,2026-future-calling,/musicalbums/2026-Future-Calling,260107,QohU4Ucme3c,single,Sony Music Labels Inc.,29f89bc1-872b-4052-a88e-d97b9d97f9e1
Group-tnx,2026-call-me-back,/musicalbums/2026-Call-Me-Back,260122,0-xKvImq7Ek,single,P NATION,59a564a1-0554-41c8-b8eb-9c980a2d73d8
Idol-chanmina,2026-test-me,/musicalbums/2026-TEST-ME,260114,hQ4-H-nNNz4,single,NO LABEL MUSIC,93d86614-9804-4eba-b9a2-ce0349b784ec
Group-m-o-n-t,2026-history,/musicalbums/2026-History,260121,3IjtP7PRcrE,single,FM Entertainment,f3da37b4-67f7-4301-987d-030b1d951da3
Group-blackpink,2026-deadline,/musicalbums/2026-DEADLINE,260227,CgCVZdcKcqY,mini_album,YG Entertainment,38e95ef9-7953-4545-8f11-2cbd5e6684bd
Idol-unknown,2026-yin-and-yang,/musicalbums/2026-Yin-And-Yang,260116,97qr0BOdHkc,single,"KOZ Entertainment, P NATION",21e0e0cb-a5f6-4c93-935a-49a54e4de356
Idol-kim-dahyun,2026-black-swan,/musicalbums/2026-Black-Swan,260117,6AvlefX35o8,mini_album,OGAM Entertainment,e0cdab14-4a84-494e-8d1e-21e575c8a963
Group-bts,2026-arirang,/musicalbums/2026-ARIRANG,260320,5e_VnIBO32I,mini_album,BigHit Music,d68d22e9-c48d-4cfc-a52c-c9c8ba110e5f
Group-comma,2026-toxic-sugar,/musicalbums/2026-Toxic-Sugar,260109,liIBNPLp6D8,single,4824company,0c57c8eb-befe-4a6f-a5e9-a8ac410b3a9a
Group-cravity,2026-blast-out,/musicalbums/2026-Blast-Out,260318,SoZeR3ttHKk,single,AMUSE,6d41b0b1-34bf-497e-84be-a1b64572d7dd
Group-dodree,2026-just-like-a-dream,/musicalbums/2026-Just-Like-A-Dream,260121,PqWApYzlfrU,single,INNIT Entertainment,696fbadc-c3ef-49a7-9371-4c14a151f046
Group-geenius,2026-love-don-t-change,/musicalbums/2026-Love-Don-t-Change,260115,,studio,HOMe,efad5260-a850-461a-b079-fe0accf4a174
Group-lngshot,2026-4shoboiz-mixtape,/musicalbums/2026-4SHOBOIZ-MIXTAPE,260116,Zl-LzXzy4vc,mini_album,More Vision,b7637529-79ff-4820-a969-2c7ac10fece5
Group-momoland,2026-white-spring,/musicalbums/2026-White-Spring,260123,4quKTg17A94,single,Inyeon Entertainment,9618f64b-dd0a-4df7-929e-a4fbd841e2bf
Group-whib,2026-rock-the-nation,/musicalbums/2026-ROCK-THE-NATION,260129,uRnl1Lj7GqM,mini_album,CJes Studios,4cf42d03-0973-4c5c-9c2c-041555346549
Group-young-posse,2026-visa-pilot3,/musicalbums/2026-Visa-Pilot3,260127,obqsSgY4oU8,single,"DSP Media, BEATS Entertainment",f61d96bf-916c-4f1e-9c93-5d3214a00476
Idol-coiblen,2026-c-o-d-e,/musicalbums/2026-C-O-D-E,260206,8m932pAU0f8,,,
Idol-unknown,2026-sealook-2-ost,/musicalbums/2026-Sealook-2-OST,260109,0iul7DdRFyA,ost,The Pinkfong Company,e1607d4d-2742-4e72-a312-1fd678b03bea
Group-misamo,2026-confetti,/musicalbums/2026-Confetti,260116,gOjG-70-D5o,,,
Idol-unknown,2026-119,/musicalbums/2026-119,260118,gJrl2mpEsxI,single,Way Better,52050372-d2e5-4992-a03f-411e941b0ec8
Idol-lola2,2026-tatz,/musicalbums/2026-Tatz,260119,4jyZpXEW88E,single,Symphonic,a1ed2d12-ba51-4a25-8b47-cafd45657931
Group-aoen,2026-fell-in-a-second,/musicalbums/2026-Fell-in-a-Second,260318,,,,
Group-forestella,2026-nella-notte,/musicalbums/2026-Nella-Notte,260119,HUNkE8Sopwo,,,
Group-rescene,2026-pinball-japanese-ver,/musicalbums/2026-Pinball-Japanese-Ver,260121,ou2Y2vGKCyY,single,THE MUZE Entertainment,29db896c-f8d6-4846-bd0a-bbcd01bfbf18
Idol-bora2,2026-muffler,/musicalbums/2026-Muffler,260115,RV5_Y_f7u0k,,,
Idol-dia2,2026-dance-sped-up,/musicalbums/2026-Dance-Sped-Up,260110,,,,
Idol-james-lee,2026-dead-stars,/musicalbums/2026-Dead-Stars,260119,K7t12aTmhkc,,,
Idol-unknown,2026-suji,/musicalbums/2026-SUJI,260114,Vj3zqFDToIM,,,
Group-billlie,2026-cloud-palace-false-awakening,/musicalbums/2026-Cloud-Palace-False-Awakening,260127,SeZ6L9jZmHc,,,
Group-nwh-i,2026-siren-call,/musicalbums/2026-Siren-Call,260126,wlR8b_uOfh4,,,
Group-1verse,2026-wabif,/musicalbums/2026-WABIF,260121,F192Gkz5Tas,,,
Group-8turn,2026-bruise,/musicalbums/2026-Bruise,260128,4sl47VgK_4A,,,
Group-kickflip,2026-from-kickflip-to-weflip,/musicalbums/2026-From-KickFlip-To-WeFlip,260120,OgOm9Ei0BUc,,,
Group-pow,2026-come-true,/musicalbums/2026-Come-True,260128,kI9YD61ehIw,,,
Group-txt,2026-sss-sending-secret-signals-feat-hyde,/musicalbums/2026-SSS-Sending-Secret-Signals-feat-HYDE,260126,XQ7vBKHMw7M,,,
Idol-maddyxp,2026-grapefruit,/musicalbums/2026-grapefruit,260117,3WT8A28JPnY,,,
Idol-yena2,2026-nemonemo-japanese-ver,/musicalbums/2026-Nemonemo-Japanese-Ver,260121,HRDApL3_m18,,,
Group-i-dle,2026-mono,/musicalbums/2026-Mono,260127,DYgE3SGPEqk,mini_album,,df9b5c87-d86d-472d-90bd-1bb09acccebd
Group-skinz,2026-why-u-mad,/musicalbums/2026-WHY-U-MAD,260204,CO7xkEXsn5s,,,
Idol-choi-hari,2026-jumper,/musicalbums/2026-JUMPER,260121,,,,
Idol-hebi,2026-become,/musicalbums/2026-Become,260122,XPqXU3SfxdU,,,
Idol-kang-daniel,2026-obsession,/musicalbums/2026-Obsession,260122,JBrmXv5nwZs,,,
Idol-sya,2026-23-24,/musicalbums/2026-23-24,260203,f9m2SQ81v7Q,,,
Idol-yeoeun,2026-i-love-you-i-love-you,/musicalbums/2026-I-Love-You-I-Love-You,260122,XE4A3zRxk8M,,,
Group-bolbbalgan4,2026-loosing-heart-veiled-musician-x-bol4-with-yeouido-dong-three-star,/musicalbums/2026-Loosing-Heart-Veiled-Musician-X-BOL4-with-Yeouido-dong-Three-Star,260113,6PH4Kfjeuo8,,,
Group-girlset,2026-little-miss-misdemeanor,/musicalbums/2026-Little-Miss-Misdemeanor,260123,vuAp-MShrVw,,,
Group-i1it,2026-red-line,/musicalbums/2026-RED-line,260203,WMgKm01lr2M,,,
Group-madein,2026-girl-meets-boy,/musicalbums/2026-Girl-Meets-Boy,260209,slHHlZN3N0w,,,
Group-zerobaseone,2026-roses,/musicalbums/2026-Roses,260123,JUeZL0TyT3I,,,
Idol-gray,2026-project-y-original-motion-picture-soundtrack,/musicalbums/2026-Project-Y-Original-Motion-Picture-Soundtrack,260121,BN3sEtwD7qU,,,
Idol-hyun-o,2026-starlight-glaze,/musicalbums/2026-Starlight-Glaze,260124,8k0qIUhaCD0,,,
Idol-yoseop,2026-unloved-echo,/musicalbums/2026-Unloved-Echo,260209,pOAKFUpMdd0,,,
Idol-junho,2026-always,/musicalbums/2026-Always,260126,7ehdQWIV5Ik,,,
Group-ive,2026-revive,/musicalbums/2026-REVIVE,260226,4qWUNxnZ35U,,,
Group-nct-jnjm,2026-both-sides,/musicalbums/2026-BOTH-SIDES,260223,EzvhlgTNCbU,,,
Idol-youngjae3,2026-shinbi-s-haunted-house-10th-anniversary-movie-summon-once-more-ost,/musicalbums/2026-Shinbi-s-Haunted-House-10th-Anniversary-Movie-Summon-Once-More-OST,260116,OaBsMBK1Bgo,,,
Group-ab6ix,2026-a-minute-a-second,/musicalbums/2026-A-Minute-A-Second,260127,1hRzRN2bs3k,,,
Group-ive,2026-revive,/musicalbums/2026-REVIVE,260223,4qWUNxnZ35U,,,
Idol-hyojin4,2026-painkiller,/musicalbums/2026-Painkiller,260213,e4RCv5k_kuE,,,
Idol-juntae,2026-tired-of-falling-in-love,/musicalbums/2026-Tired-of-falling-in-love,260129,IWeJUiyqFes,,,
Group-my-rakl,2026-wish-upon-the-stars,/musicalbums/2026-Wish-Upon-the-Stars,260126,-xw1nTIH50I,,,
Group-tws,2026-nice-to-see-you-again-korean-ver,/musicalbums/2026-Nice-To-See-You-Again-Korean-ver,260209,,,,
Idol-hweseung,2026-run-with-me,/musicalbums/2026-Run-With-Me,260129,2M65XQn-2Pk,,,
Group-all-h-ours,2026-my-spring-my-light-my-breath,/musicalbums/2026-My-Spring-My-Light-My-Breath,260129,AEYrm_IFoKk,,,
Group-onewe,2026-ferris-wheel,/musicalbums/2026-Ferris-Wheel,260114,KyRERlh3X28,,,
Idol-chaeryeong,2026-no-tail-to-tell-pt-4,/musicalbums/2026-No-Tail-to-Tell-Pt-4,260130,VSzrNrTeXMM,,,
Idol-unknown,2026-never-meant-to-be,/musicalbums/2026-Never-Meant-to-Be,260129,77IbsMVWyuQ,,,
Idol-gist,2026-r-g,/musicalbums/2026-R-G,260128,unlgFDu7-pA,,,
Idol-sungkyu2,2026-off-the-map,/musicalbums/2026-Off-The-Map,260302,,,,
Idol-taehyun,2026-like-the-movies,/musicalbums/2026-Like-the-movies,260130,FG2BQp9oRik,,,
Group-navillera,2026-no-limit,/musicalbums/2026-No-Limit,260203,5221XAQ6aTc,,,
Group-one-or-eight,2026-gather,/musicalbums/2026-GATHER,260124,Qcz-7evvAqY,single,AVEX Music Creative Inc.,f3f26247-d788-4e15-b4c7-815ae697a232
Group-one-pact,2026-1-only,/musicalbums/2026-1-ONLY,260226,,,,
Idol-gongwon,2026-flower,/musicalbums/2026-Flower,260130,3NqKXg2gxcc,,,
Idol-lee-jiham,2026-forever-mine,/musicalbums/2026-Forever-Mine,260129,bAENPpwyOU4,,,
Idol-leebada,2026-offline,/musicalbums/2026-Offline,260117,CuHBrVR5J7s,,,
Group-hi-fi-un-corn,2026-super-duper,/musicalbums/2026-SUPER-DUPER,260114,e8X35-Teneg,,,
Group-hi-fi-un-corn,2026-laila,/musicalbums/2026-LAILA,260130,XECOC6C_Nr4,,,
Group-ive,2026-bang-bang,/musicalbums/2026-BANG-BANG,260209,WXav5B0ppUo,,,
Group-sweden-laundry,2026-forevermore,/musicalbums/2026-Forevermore,260120,4oktaGUvcTI,,,
Idol-unknown,2026-project-y-original-motion-picture-soundtrack,/musicalbums/2026-Project-Y-Original-Motion-Picture-Soundtrack,260121,BN3sEtwD7qU,,,
Idol-jiwoo,2026-ex-ist,/musicalbums/2026-EX-IST,260211,WBAIQVnkMcE,,,
Group-rolling-quartz,2026-romantist,/musicalbums/2026-Romantist,260128,rlKaNmMCew4,,,
Idol-d-ark,2026-lovex,/musicalbums/2026-LOVEX,260202,hoep54xEUeU,,,
Idol-goopy,2026-loved-up,/musicalbums/2026-Loved-up,260202,1NJkrWfJgbU,,,
Idol-kassy,2026-a-love-just-for-you,/musicalbums/2026-A-Love-Just-For-You,260201,39upRxI7Yvc,,,
Idol-woodz,2026-archive-1,/musicalbums/2026-Archive-1,260304,aT26fdm0ZFs,,,
Group-triples,2026-4study-4work-4inst-vol-3,/musicalbums/2026-4Study-4Work-4Inst-Vol-3,260202,YrFeVx2vIG8,,,
Idol-eunji,2026-parrot,/musicalbums/2026-Parrot,260203,6uFgNS9hCiU,,,
Idol-yel,2026-narcissist,/musicalbums/2026-Narcissist,260202,KQfAQ-fHFCc,,,
Idol-younha,2026-seasonal-crime,/musicalbums/2026-Seasonal-Crime,260202,jkdx9PaVKe0,,,
Group-trendz,2026-kart-racer,/musicalbums/2026-Kart-Racer,260213,,,,
Idol-chungha,2026-save-me,/musicalbums/2026-Save-Me,260209,EDxI7p2M8Xk,,,
Idol-gunwoo,2026-talk-to-me,/musicalbums/2026-Talk-To-Me,260121,be8G6WqvGn8,,,
Idol-jin-hyun-bin,2026-the-void,/musicalbums/2026-The-Void,260204,O17TW3DXUU0,,,
Group-avion,2026-jamila,/musicalbums/2026-Jamila,260204,0srzt8rpr3Q,,,
Group-monsta-x,2026-growing-pains,/musicalbums/2026-Growing-Pains,260206,LxkkKsE9mS8,,,
Group-niziu,2026-too-bad,/musicalbums/2026-Too-Bad,260401,,,,
Idol-unknown,2026-yin-and-yang-feat-dean-penomeco-fanxy-child-ver,/musicalbums/2026-Yin-and-Yang-feat-DEAN-PENOMECO-FANXY-CHILD-Ver,260204,oyXx7MDqZ-Q,,,
Idol-jd1,2026-collection-of-props-vol-2,/musicalbums/2026-Collection-of-Props-Vol-2,260205,bRzo1UMw7YI,,,
Idol-sorn,2026-call-it-what-you-want,/musicalbums/2026-Call-It-What-You-Want,260213,JfUdhFOfj2A,,,
Idol-suho,2026-i-am-solo-pt-2,/musicalbums/2026-I-am-SOLO-Pt-2,260205,5TsjmyIwHy8,,,
Group-big-ocean,2026-the-greatest-battle,/musicalbums/2026-The-Greatest-Battle,260303,,,,
Group-hatchi,2026-tokimetique,/musicalbums/2026-Tokimetique,260205,g7eWRfcM7jU,,,
Idol-chanmina,2026-flip-flap,/musicalbums/2026-FLIP-FLAP,260204,CRf5qcPd5a0,,,
Idol-dj-aster,2026-rumble,/musicalbums/2026-Rumble,260206,1LYEVx1k0T0,,,
Idol-unknown,2026-memories,/musicalbums/2026-Memories,260206,GD5AcHvkI2E,,,
Idol-jennie,2026-dracula-remix,/musicalbums/2026-Dracula-Remix,260206,0UPDBODtxzw,,,
Idol-kessia,2026-choose,/musicalbums/2026-choose,260123,IOLNzfBSeBA,,,
Idol-lee-jiham,2026-love-before-me,/musicalbums/2026-Love-before-Me,260212,,,,
Idol-shaun,2026-diary,/musicalbums/2026-Diary,260210,,,,
Group-hearts2hearts,2026-rude,/musicalbums/2026-RUDE,260220,,,,
Idol-onew,2026-tough-love,/musicalbums/2026-TOUGH-LOVE,260309,D6wqZefJCDo,,,
Group-hori7on,2026-lunod,/musicalbums/2026-LUNOD,260213,5m97c9Hit7g,,,
Group-qqq,2026-qtoresq,/musicalbums/2026-QtoresQ,260226,,,,
Group-sikkoo,2026-home,/musicalbums/2026-home,260206,3KxiGwS2Ons,,,
Group-x-in,2026-hyper,/musicalbums/2026-Hyper,260220,,,,
Idol-blah,2026-normal-life,/musicalbums/2026-Normal-Life,260212,Vufz0kX5L3g,,,
Idol-jaehyuk2,2026-who-am-i,/musicalbums/2026-Who-AM-I,260211,N_sjonH-j9Y,,,
Idol-yeo-one,2026-run-it-up,/musicalbums/2026-Run-It-Up,260211,,,,
Hi-Fi Un!corn,super-duper,/musicalbums/super-duper,260114,e8X35-Teneg,single,Sony Music Labels Inc.,a579752a-dffb-4bb3-990f-e88a2c84059a
Forestella,nella-notte-1769818187638,/musicalbums/nella-notte-1769818187638,260119,HUNkE8Sopwo,mini_album,,482f33d7-aaf6-4bb4-b466-ade8ca08a202
KickFlip,from-kickflip-to-weflip-1769818179834,/musicalbums/from-kickflip-to-weflip-1769818179834,260120,OgOm9Ei0BUc,mini_album,,4b8bd5f9-544d-4e27-be79-54f83af1d497
1VERSE,wabif-1769818182648,/musicalbums/wabif-1769818182648,260121,8b4Cf1tlDFk,mini_album,,b12207f1-c17e-4c08-a9e7-f6f453659593
NCT WISH,call-me-back-nct-wish,/musicalbums/call-me-back-nct-wish,260122,sD44sjGm1GM,single,,d06e846b-d18d-4fc3-ad7d-2bc3c8324c3c
Yeoeun,i-love-you-i-love-you,/musicalbums/i-love-you-i-love-you,260122,XE4A3zRxk8M,single,"WM Entertainment, Yoghurt Studio",00d52040-b5e2-4671-a473-5f6a6f994742
Hebi,become,/musicalbums/become,260122,XPqXU3SfxdU,single,3Y CORPORATION,fe6e1eb0-df48-4ec3-98dd-9ad26e714e83
GIRLSET,little-miss-misdemeanor-1769818177725,/musicalbums/little-miss-misdemeanor-1769818177725,260123,vuAp-MShrVw,mini_album,,672728ad-4261-40e5-97e3-7b22269c870f
,wish-upon-the-stars-1769878745207,/musicalbums/wish-upon-the-stars-1769878745207,260126,-xw1nTIH50I,mini_album,,80290e74-6015-4684-9308-df10ac6de7a9
NWH:I,siren-call-1769818184813,/musicalbums/siren-call-1769818184813,260126,wlR8b_uOfh4,mini_album,,b629d75f-d7f0-4e1c-80de-17d0044dfaa1
TXT,sss-sending-secret-signals-feat-hyde-1769818181861,/musicalbums/sss-sending-secret-signals-feat-hyde-1769818181861,260126,vlmXpQOE75c,mini_album,,8609be28-6b9e-4296-94b8-eba419039431
Chanmina,gather,/musicalbums/gather,260127,Qcz-7evvAqY,mini_album,Avex Music Creative,3e7e6871-12ce-41d1-af86-fba7e0be5d39
AB6IX,a-minute-a-second-1769818165492,/musicalbums/a-minute-a-second-1769818165492,260127,1hRzRN2bs3k,mini_album,,f8ab6956-8b58-4af7-bdf2-2b616aecd2a6
PSY,mono-2026,/musicalbums/mono-2026,260127,9bZkp7q19f0,single,,b41c9570-2bcc-4eeb-add0-36f405e9e238
POW,come-true-1769818180629,/musicalbums/come-true-1769818180629,260128,kI9YD61ehIw,mini_album,,c242ac10-a731-4cbd-8f14-88184bcb3f73
8TURN,bruise-1769818183470,/musicalbums/bruise-1769818183470,260128,WxL5cNNelLk,mini_album,,9d02324d-4074-4bf2-a440-1142eeac8e51
ALL(H)OURS,my-spring-my-light-my-breath-1769818152126,/musicalbums/my-spring-my-light-my-breath-1769818152126,260129,AEYrm_IFoKk,mini_album,,edc0c098-995f-460d-b387-44193b903a56
Hebi,crossing-stars-arknights-6th-anniversary-ost,/musicalbums/crossing-stars-arknights-6th-anniversary-ost,260130,1dhp-wdsyGY,single,Acclers,778a8168-01c9-4204-beb9-157df828140a
Hi-Fi Un!corn,laila,/musicalbums/laila,260130,XECOC6C_Nr4,single,FNC Entertainment Japan Inc.,f67a593d-28d9-4f29-a553-ed5740eafe08
AVION,jamila,/musicalbums/jamila,260204,Tckezs5z6u0,single,Gallery Music Lab,f05120c2-e960-4af1-a1db-05dc659fddcd
MISAMO,play,/musicalbums/play,260204,gOjG-70-D5o,studio,JYP Entertainment,079790f6-b4f1-44fc-8055-1ab9fd59bd10
SKINZ,why-u-mad,/musicalbums/why-u-mad,260204,4arlM3zyWyA,single,Bride Entertainment,e5a93aed-a0e0-4707-b65e-cfba45556fac
STAYC,stereotype-chinese-ver,/musicalbums/stereotype-chinese-ver,260205,6IKDkjlKHS4,single,High Up Entertainment,cdb678a5-4ca4-4cbf-a25a-a97607b5e0d7
Lee Seyeon,what-i-meant-to-say,/musicalbums/what-i-meant-to-say,260205,q7bcUlP07i4,single,ADE Music,a480ec70-bfa9-4bc9-b848-b89fca0e7183
Sik-k,namsan-tower-feat-ley,/musicalbums/namsan-tower-feat-ley,260206,vShw8Av0dQY,single,KC,508d00b9-9590-4a8c-b7fe-ddfffd851cae
COiBLEN,2026-code,/musicalbums/2026-CODE,260206,N-zrw5qDkFQ,single,Independent,a4d0917e-f7d6-4a9b-ad9f-3085ad59ca98
Chungha,save-me,/musicalbums/save-me,260209,JTFuuQg5Mhs,single,MORE VISION,0b21e22c-22c4-4026-824c-808f0bde3522
IVE,bang-bang,/musicalbums/bang-bang,260209,9qkpcLK422o,single,Starship Entertainment,b00c22da-32f5-4adf-8395-c03a482083d0
Jungwon,dear-me,/musicalbums/dear-me,260209,9uDVag6HP8g,single,BELIFT LAB Inc.,16d37e4e-2909-4433-8665-9f8f46a12e39
ATEEZ,adrenaline-remix,/musicalbums/adrenaline-remix,260209,f3OypB-9BQI,single,KQ Entertainment,c7be3d04-3af9-49f2-8753-77f127ce51aa
Yoseop,unloved-echo,/musicalbums/unloved-echo,260209,pys0iujXJjQ,mini_album,Around US Entertainment,e7a53967-a9dd-4a01-acaf-b1631ecb4a3b
The Quiett,ambition-2-10,/musicalbums/ambition-2-10,260210,OTMan1GcBwk,single,AMBITION MUSIK,ad5f2e32-1401-43d2-bf20-7f1b97259b4b
Shaun,diary,/musicalbums/diary,260210,lBk-A6P6CQA,single,Hau Music Production,36daec01-c0b9-4764-8151-81ce41f86902
blah,normal-life,/musicalbums/normal-life,260211,dgRaQ8mZjow,mini_album,PAIX PER MIL,8d21b660-40f6-4b2a-b08e-b11b2a1a71e0
Hwang Min Hyun,truth,/musicalbums/truth,260211,1Pmoxr18YA8,single,Pledis Entertainment,0cb72fda-4cad-4908-84ba-25c5b568683b
,who-am-i,/musicalbums/who-am-i,260211,OexKn5lnqfI,ep,Herose company,50d80ccb-761c-4fd9-99b0-2c44c95aea59
Yeo One,run-it-up,/musicalbums/run-it-up,260211,imvkO-lXwTA,single,Yeo Chang Gu,ada6bd96-7d93-48c8-8f67-9d1ce5d7d6c5
Jiwoo,ex-ist,/musicalbums/ex-ist,260211,LPL1fozVrIw,ep,DSP Entertainment,9e563075-a4f3-4d1a-b74b-d3c1537d05d3
Jinsol,eternal-light,/musicalbums/eternal-light,260211,CGketww5RLk,single,Eternia Records,e01cfbf3-d78e-458a-91c2-4d044e85c274
Woodz,cinema,/musicalbums/cinema,260212,b60RXXBik1w,single,EDAM Entertainment,5aabe456-64da-42b5-8661-4d60b9045531
Forestella,etude,/musicalbums/etude,260212,IxoCRq-v81I,single,Beat Interactive,82a06bd5-ab2d-4cc4-ae8d-cfcf8321e44f
,leader,/musicalbums/leader,260212,ql6cF9gKdjA,studio,"Balming Tiger, CAM",b8cfa6b8-02b0-4df6-9f5f-d662210676a8
ODEE,vehicles,/musicalbums/vehicles,260212,BXyBr6fIuw4,single,,ef232aec-1420-45ee-b9ce-92a752d3e986
Crucial Star,wok-hei,/musicalbums/wok-hei,260212,tHvEKVW0GP8,single,RATEL,b5e7686c-1278-479b-aebc-cc5351f9ef31
Moon Sujin,you,/musicalbums/you,260213,NW6olUR350I,single,ANVI,e086cea1-e784-4f04-998a-c06c5d48ce54
CORTIS,mention-me,/musicalbums/mention-me,260213,iGGxMGeJzmw,single,,b8b76ba7-b234-43d2-b632-8c85af34f176
TRENDZ,kart-racer,/musicalbums/kart-racer,260213,OeI0fQVSQLQ,single,Global H,e02e6e17-f280-4ade-a3e6-22e8a5704ad4
Owoon,painkiller,/musicalbums/painkiller,260213,7mRAVdvlBKI,mini_album,CYO,f44cef59-fda2-40cf-a0b7-01862edbe9ee
Sorn,call-it-what-you-want,/musicalbums/call-it-what-you-want,260213,C_aVIcSuWeM,single,WILD Group,8fa41629-13b0-4716-8da3-fcf2deb13daa
Triger,wake-up,/musicalbums/wake-up,260213,j5M8mX7qnLU,mini_album,DY Entertainment,ff07e468-033e-4dd4-9277-8cf3c0f79761
Triger,hope-japanese-ver,/musicalbums/hope-japanese-ver,260213,juXsUPN55GY,single,DY Entertainment,af94b8cd-c49f-40c6-9216-5b3a1f144a13
TMC,to-you,/musicalbums/to-you,260214,kDFYu3Kg_Xs,single,MyDoll Entertainment,f0cc1c43-0ea3-4d6c-a6d3-b15d02ea0604
Elo,you2,/musicalbums/you2,260214,ZgeH3GkD_U0,single,side/up,092e06e4-9ab2-4b18-8e99-945c0309ade2
Hayun,mystic-feat-hayun-of-primrose,/musicalbums/mystic-feat-hayun-of-primrose,260219,zR-t4yv1hOE,single,Kakao Entertainment,281b5584-cb84-44dd-85f9-0c7120babf48
Sik-k,stay-on-fire-feat-dean,/musicalbums/stay-on-fire-feat-dean,260219,icW0nFygkrM,single,KC,bc8fc30e-fbb5-4b82-9cf0-33c157a7f197
I.M,iywo,/musicalbums/iywo,260220,zHQTySJrNWw,single,CODA,89328adc-e2e9-4e39-82ef-e2935eec3d62
Eunkwang,no-tail-to-tell-pt7,/musicalbums/no-tail-to-tell-pt7,260220,icW0nFygkrM,ost,Studio S,07271d25-7055-438e-b57b-98f133cb34d2
X:IN,hyper,/musicalbums/hyper,260220,PoD9YBZR0O4,mini_album,BeBy Entertainment,75559a53-ab52-46f7-b861-267fdd3226c4
Hearts2Hearts,rude,/musicalbums/rude,260220,F7sGJVUrkjQ,single,SM Entertainment,177bbd5b-e34e-483c-b27d-dcb84e2dc1f7
Sungkyu,over-it,/musicalbums/over-it,260221,AdOaQpwYx0c,mini_album,Billions,34a0d73f-17f1-4d16-af23-51414cd6439e
NCT JNJM,both-sides1769878755640,/musicalbums/both-sides1769878755640,260223,Eyv7VNmNXNI,mini_album,SM Entertainment,d8803a7d-e697-4aec-998d-d4751b135872
IVE,revive-1769818167578,/musicalbums/revive-1769818167578,260223,9qkpcLK422o,studio,Starship Entertainment,2166a877-09a6-43b8-9b00-5997dfbbcda3
,both-sides-1769878755639,/musicalbums/both-sides-1769878755639,260223,,mini_album,SM Entertainment,9ae91abc-1903-450b-a9af-84d42c305eeb
DAILY:DIRECTION,firstdelivery,/musicalbums/firstdelivery,260223,8iWkRdIsT3U,single,OODWAVE Entertainment,b2180cfe-b195-46f3-8331-e354cf180e89
ChoCo1&2,choco-la-familia,/musicalbums/choco-la-familia,260224,pIfScZGDNsc,studio,ChoCo Entertainment,2b08b119-6234-493f-b024-c944e87989d7
gongwon,0,/musicalbums/0,260224,g0_qeo00XWs,ep,Archive Achim,0c1707fd-bdea-4d68-93c6-f7c574e86fa3
Sik-k,6seoul,/musicalbums/6seoul,260225,YsfsxpJaYSw,studio,KC,57087b8b-3b96-41da-a567-99707207646f
WJSN,bloom-hour,/musicalbums/bloom-hour,260225,ItvDjeiqdlE,single,Starship Entertainment,16a05d47-9901-4c63-8cdc-bffe8aa8d730
ONE PACT,1only,/musicalbums/1only,260226,C6--84TzxZc,ep,ARMADA Ent,2939889b-1aa0-49ac-bdce-1a376cb9236b
ASC2NT,still-i,/musicalbums/still-i,260226,n7AChRJK7tc,mini_album,NEWWAYS COMPANY,082331a3-884e-4dee-afe9-0e0418ee50af
NMIXX,tic-tic-feat-pabllo-vittar,/musicalbums/tic-tic-feat-pabllo-vittar,260226,VF5KiYpH-Pg,single,,9d8f5cd2-8adb-4683-a165-2534d715944c
Alexa,tongue-tied,/musicalbums/tongue-tied,260227,tWQei-65AGM,single,Sony Music Sweden,a99421c8-af2e-4a57-963e-1bceb412d3b2
MUU,hello-wonderland,/musicalbums/hello-wonderland,260228,yg-L2yCo9-I,single,Independent,9071497d-51b2-41fb-a18b-47d694677444
Sungkyu,off-the-map,/musicalbums/off-the-map,260302,AdOaQpwYx0c,mini_album,Double H TNE Records,fb3d58c5-51b4-47b3-b3c9-4e82016274d1
EVERGLOW,code,/musicalbums/code,260303,pe3EWBY7SIc,mini_album,CHXXTA Company,fb687027-5eb2-43bb-a6db-d8cddea8c0f2
TUNEXX,set-by-us-only,/musicalbums/set-by-us-only,260303,cQESe4Jc0rE,mini_album,IST Entertainment,6d7450d2-0876-4df8-9c38-8dcf2c41bc6b
Woodz,archive-1,/musicalbums/archive-1,260304,qFVQukLBlj0,studio,,2005619c-00a9-4e00-9460-4b4a182e3304
H1-KEY,love-chapter,/musicalbums/love-chapter,260305,izGJjwhCEaI,mini_album,Choi Creative Lab,c14f00f3-3e5a-42bb-b3d9-05a7afdc2968
ORORA,on-my-way,/musicalbums/on-my-way,260305,FucT66Sb6Zc,ep,Independent,b450cb10-40da-4d5b-a16a-ed7c39c2e74d
GIRLSET,tweak,/musicalbums/tweak,260306,xLNmyB1iCig,single,"JYP Entertainment, Republic Records",0d2ef7f0-2210-4319-97a4-15b05f96ac01
NouerA,pop-it-lke,/musicalbums/pop-it-lke,260309,FeU8m9YEVSY,mini_album,Nouer Entertainment,966710cd-4b2b-4299-948c-b9f6f7a28f28
Onew,tough-love,/musicalbums/tough-love,260309,9x1JkpHbHRk,mini_album,GRIFFIN Entertainment,b6684888-91b9-4a44-92e2-10994e02a415
Dragon Pony,run-run-run,/musicalbums/run-run-run,260310,iiHXtBLfMcw,ep,Antenna,80c287c4-0cbd-4502-a846-01dc9b94c7e6
AFuture,the-land-of-dreams,/musicalbums/the-land-of-dreams,260314,ud3ZuQQ1Zlo,single,4X4 Creative,f434737e-745e-43f2-9ecd-735943b7e116
AFuture,spring-shower,/musicalbums/spring-shower,260321,,single,4X4 Creative,8d362b95-5bc6-48dc-a943-571e42d46044
Hi-Fi Un!corn,first-move,/musicalbums/first-move,260325,NKh7ABN6iiM,studio,FNC Entertainment Japan Inc.,946bd229-fd6c-4fdf-b222-2ac5b954584e
,too-bad,/musicalbums/too-bad,260401,,ep,Epic Records Japan,6787b224-9ef3-498e-8080-180d6d3de29e
NiziU,good-girl-but-not-for-you,/musicalbums/good-girl-but-not-for-you,260401,yfnE6vi6jAk,ep,JYP Entertainment,5b28294c-c0aa-48be-b14b-2c38a65c07c0
fromis_9,like-you-better-japanese-ver,/musicalbums/like-you-better-japanese-ver,260401,,ep,ASND,8b339b14-67ea-40ef-aa1c-b08c3c319b50
&TEAM,we-on-fire,/musicalbums/we-on-fire,260421,,ep,YX Labels,1a2e3a91-f1c0-4a9c-94b7-5c03da1d41d1
Heca,nagging-me,/musicalbums/nagging-me,260105,hE4bqarpTx4,single,BrandTunes Ent,8cc45d15-afa4-456f-ad14-1fd6da0c99df
Rolling Quartz,romantist,/musicalbums/romantist,260128,rlKaNmMCew4,single,Rolling Star Entertainment,3275704c-e917-43fd-b7ee-6cb1b0bca5a6
NAVILLERA,no-limit,/musicalbums/no-limit,260203,hzNZlhOOh3s,single,Troy Entertainment,8ac4b438-1642-4432-a4bd-b4d4daa0b593
TWS,nice-to-see-you-again-korean-ver,/musicalbums/nice-to-see-you-again-korean-ver,260209,w7oZ9zoBemM,single,PLEDIS Entertainment,e987ab4d-8cab-4a6e-b717-9315f0ac41ec
MADEIN,girl-meets-boy,/musicalbums/girl-meets-boy,260209,yE6yETkVI3Q,single,143 Entertainment,04625b23-7ed3-44df-a0d5-973acab03fe4
Choi Yuree,early-spring,/musicalbums/early-spring,260222,ha7i16DoKQY,single,Nave,789237a2-6a6c-49c4-85f6-0860bddfde73
Ryu Minhee,polaris,/musicalbums/polaris,260222,IMQBEabuciY,single,Iron ENM,08ee0e6e-b957-4881-8b7f-a4933d7fd942
KHAN,albatross,/musicalbums/albatross,260223,D9y3xAgp6Qo,studio,Universal Music Group,5f48ea67-ddd3-42c4-bcee-250e5498b7c2
DK,return-of-the-blossoming-blade-pt5,/musicalbums/return-of-the-blossoming-blade-pt5,260223,XQYO8vicu5I,ost,"Brand New Music, STUDIO LICO",7718e8d2-5985-41a2-ab18-851de1bda32c
Yebit,traveler,/musicalbums/traveler,260224,U-G3tZXWgiY,single,Magic Strawberry Sound,e7c32d4e-17d9-429a-a0c3-4ef5c755d532
Parc Jae Jung,always,/musicalbums/always,260225,x6peEfIQVGE,single,Romantic Factory,57ed256c-7ce9-4bc3-8d22-cf96d230b891
AtHeart,shut-up,/musicalbums/shut-up,260226,NBJWOnYONx0,single,TITAN CONTENT,d765e777-316f-41ee-81bc-c015e1d47039
Big Naughty,between-cobalt-and-navy,/musicalbums/between-cobalt-and-navy,260226,ten6JjjGcH4,ep,H1GHR MUSIC,a8eb7016-0c5b-4c12-b155-df5add02898c
Jeena,flood,/musicalbums/flood,260227,4xH9MLD7bn0,single,Independent,ecffac5c-69cc-40f3-924e-549e47499652
aespa,keychain,/musicalbums/keychain,260227,ZEbmZ18UHbo,single,,1d15ca5f-7817-4a68-bed4-5e7174bf18cc
Sejun,pray-to-god,/musicalbums/pray-to-god,260302,RR7JKnCvKV8,single,,e87e49a2-c234-4c89-ba91-871ea71bcb10
ACE,bonita,/musicalbums/bonita,260310,KzxOtaHsQEQ,single,Independent,c665696c-55b6-4ad9-a056-9ef6f168ada8
AtHeart,butterfly-doors,/musicalbums/butterfly-doors,260311,ioK78YucIjc,single,TITAN CONTENT,a9dbe3ae-526a-48af-bdc4-760d4fce2f25
Yena,love-catcher,/musicalbums/love-catcher,260311,ItSKahBISg0,mini_album,YH Entertainment,39499214-1a35-421a-ba75-1208052d9265
Yena,love-catcher2,/musicalbums/love-catcher2,260311,,mini_album,Yue Hua Entertainment,8ba1276b-6fe6-44ac-b40a-16046ec1f3a1
ALL(H)OURS,no-doubt,/musicalbums/no-doubt,260316,4-ba6z64nlQ,mini_album,EDEN Entertainment,f08bddb5-ea63-48d0-9fda-800d849fb109
,persona-mm16c7g1,/musicalbums/persona-mm16c7g1,260103,_P7jeSQP1fY,single,,3c3ec198-010e-4704-a3f2-aa85cfe3cccd
,wish-mm16ggm9,/musicalbums/wish-mm16ggm9,260107,VMJZi579yRA,single,,2781e405-9d6b-4989-b755-95ba1d1f419a
,blue-mm16oobd,/musicalbums/blue-mm16oobd,260107,zSFmsS5ufDs,mini_album,,03946fa0-8963-469d-a8a1-8ac489555de7
,seoul-mm16nikp,/musicalbums/seoul-mm16nikp,260109,WZgam7x_ymU,studio,,4768474c-0731-4d50-b587-4cc55d446015
,dance-sped-up-mm16ncze,/musicalbums/dance-sped-up-mm16ncze,260110,wLjzdSye6Rg,single,,37719682-c132-49ad-9ecb-ce8c8d9b52c7
,starlight-mm16b95r,/musicalbums/starlight-mm16b95r,260110,j-KceXc9xYE,single,,dd0470fb-7323-4c90-81f2-1eafec1f970c
,serenade-mm16chr8,/musicalbums/serenade-mm16chr8,260112,C-6VN7S6QDc,mini_album,,b7ea242c-3572-4ba8-bbaa-35a8c918a3e9
,loosing-heart-veiled-musician-x-bol4-with-yeouido-dong-three-mm14u9dt,/musicalbums/loosing-heart-veiled-musician-x-bol4-with-yeouido-dong-three-mm14u9dt,260113,6PH4Kfjeuo8,single,,127cc02b-0223-4db0-8e20-408fa9f53eae
,suji-mm16pc7p,/musicalbums/suji-mm16pc7p,260114,Vj3zqFDToIM,studio,,5530a0bd-8f3f-4f1c-ad0d-bf0d5a3f4030
,ferris-wheel-mm1658mg,/musicalbums/ferris-wheel-mm1658mg,260114,KyRERlh3X28,single,,1f63b94b-fbf1-44b7-a3e1-1b91a14e88f0
,muffler-mm16ka7n,/musicalbums/muffler-mm16ka7n,260115,RV5_Y_f7u0k,single,,3c557d5f-4f79-4288-a1c7-8b13d7489622
,confetti-mm169y44,/musicalbums/confetti-mm169y44,260116,gOjG-70-D5o,single,,3997b56a-93ee-45c3-b676-f80192a2cdcc
,shinbis-haunted-house-10th-anniversary-movie-summon-once-mor-mm16sxns,/musicalbums/shinbis-haunted-house-10th-anniversary-movie-summon-once-mor-mm16sxns,260116,--O5u5ln6-8,ost,,9f3e6744-ce94-4ced-8e57-0ffadcd15eba
,grapefruit-mm16smny,/musicalbums/grapefruit-mm16smny,260117,3WT8A28JPnY,single,,167ae24b-34ac-4566-855f-e4a57406fdd1
,offline-mm16kxwy,/musicalbums/offline-mm16kxwy,260117,CuHBrVR5J7s,single,,323a53f1-4111-4db7-8b8f-ec656229a12a
,dead-stars-mm16um91,/musicalbums/dead-stars-mm16um91,260119,oz25mlh1OS0,single,,f443d1f0-01a0-4915-a926-0e38b82593f1
,alive-mm16901a,/musicalbums/alive-mm16901a,260120,i_05y4X_yF0,mini_album,,31cce814-3d92-4e07-875e-2a6a323e9afa
,forevermore-mm1683rt,/musicalbums/forevermore-mm1683rt,260120,4oktaGUvcTI,single,,759ed816-af38-4aec-952e-386b2afb0299
,origin-mm165aco,/musicalbums/origin-mm165aco,260120,_UQCWEp-8BQ,single,,f0128602-9a26-4d16-b05c-26b45e0b96f3
,talk-to-me-mm16haa0,/musicalbums/talk-to-me-mm16haa0,260121,be8G6WqvGn8,single,,c6c64a48-97dd-4a0d-a5c6-31310ee7ad0a
,project-y-original-motion-picture-soundtrack-mm14wh70,/musicalbums/project-y-original-motion-picture-soundtrack-mm14wh70,260121,SERjkTtiKe8,ost,,8bf98c53-09db-44fc-a012-83ce9e354763
,jumper-mm16nkd8,/musicalbums/jumper-mm16nkd8,260121,bIuQqKZge7c,single,,8cd62e76-024c-442a-a32f-1325f633061d
,nemonemo-japanese-ver--mm16jru5,/musicalbums/nemonemo-japanese-ver--mm16jru5,260121,j-lMql36j8c,single,,31491d4f-8b5b-4c57-a198-33623d3acbd8
,obsession-mm16fhja,/musicalbums/obsession-mm16fhja,260122,_zHsVAmk3kI,single,,a66a2af8-37f3-4d76-9611-0a20a92bbf94
,choose-mm16np96,/musicalbums/choose-mm16np96,260123,IOLNzfBSeBA,studio,,19846c55-1a36-476c-9125-c22ae45ee465
,roses-mm16ab62,/musicalbums/roses-mm16ab62,260123,JUeZL0TyT3I,single,,b717c80f-40e1-417d-a6e1-ddbb50777cac
,starlight-glaze-mm16joxk,/musicalbums/starlight-glaze-mm16joxk,260124,zmAs8oS3_bw,single,,29ed5479-8721-4d3e-bb30-8d6bcfdc576d
,marigold-mm16nyn2,/musicalbums/marigold-mm16nyn2,260125,QwZz22c7GqE,mini_album,,7383d95c-fb84-432b-adee-d65eb527fee9
,always-mm16i9wi,/musicalbums/always-mm16i9wi,260126,2tSb1qUnOy0,single,,1e6f153c-7115-4294-8516-7191f47e1781
,cloud-palace-false-awakening-mm1678df,/musicalbums/cloud-palace-false-awakening-mm1678df,260127,LWCQQVqKGbU,single,,8b7c0cdc-9e1e-43d8-a1b7-4dc80cdd1e32
,rg-mm16r71d,/musicalbums/rg-mm16r71d,260128,unlgFDu7-pA,studio,,d52dea75-e38f-488a-9775-3103c3ab6b59
,forever-mine-mm16gbd5,/musicalbums/forever-mine-mm16gbd5,260129,bAENPpwyOU4,single,,aa8a7cf8-60ac-4085-9205-468e709d1820
,run-with-me-mm16hatm,/musicalbums/run-with-me-mm16hatm,260129,2M65XQn-2Pk,single,,d3ebaf8e-1e2b-47f7-9a78-d1e2c84ae26a
,never-meant-to-be-mm16exfs,/musicalbums/never-meant-to-be-mm16exfs,260129,77IbsMVWyuQ,mini_album,,cd78da2e-f2ed-48eb-9d83-6a7d81c4643d
,tired-of-falling-in-love-mm16kbsl,/musicalbums/tired-of-falling-in-love-mm16kbsl,260129,zmAedelGSu0,single,,a25e2a81-f7f7-4c3f-af06-545163ba24de
,no-tail-to-tell-pt4-mm16kh4u,/musicalbums/no-tail-to-tell-pt4-mm16kh4u,260130,lyQeRW9_D64,ost,,276205dd-1578-46e5-98da-d7a15b67a304
,like-the-movies-mm16gh7w,/musicalbums/like-the-movies-mm16gh7w,260130,FG2BQp9oRik,single,,aba43b16-d660-4346-a2c3-9e4300f3951a
,flower-mm16uakk,/musicalbums/flower-mm16uakk,260130,3NqKXg2gxcc,single,,476e041d-baab-479c-9bc0-92ac97311662
,a-love-just-for-you-mm16i37p,/musicalbums/a-love-just-for-you-mm16i37p,260201,M77LOyP41N8,single,,8bc738f9-e3fd-4c00-8704-6bc674d979cc
,narcissist-mm16e8qq,/musicalbums/narcissist-mm16e8qq,260202,KQfAQ-fHFCc,single,,15d12bd1-c618-45a2-9a6c-6e3590182403
,4study-4work-4inst-vol3-mm169rfc,/musicalbums/4study-4work-4inst-vol3-mm169rfc,260202,S15aSoTZT2g,studio,,33268d8c-a5f1-4bc5-bd5d-409f8f27859e
,sub-character-mm16jeug,/musicalbums/sub-character-mm16jeug,260202,,studio,,5ec4dc7c-250a-4e38-80fa-a28cbaac3940
,loved-up-mm16qmbw,/musicalbums/loved-up-mm16qmbw,260202,lp8Y7q9yr74,single,,c8beded2-3d61-4f64-aa58-01e739b97ba8
,lovex-mm16okiv,/musicalbums/lovex-mm16okiv,260202,hoep54xEUeU,mini_album,,48e8acfb-269e-4124-9135-1c924c1f2ef8
,seasonal-crime-mm16jer0,/musicalbums/seasonal-crime-mm16jer0,260202,jkdx9PaVKe0,single,,117c227e-38a4-4c46-bb7d-0b6d1d3288b8
,red-line-mm169eus,/musicalbums/red-line-mm169eus,260203,WMgKm01lr2M,mini_album,,f6382a52-b922-4a7b-8502-83310b7fe1e7
,2324-mm16owzb,/musicalbums/2324-mm16owzb,260203,gfXAQnuIW_M,studio,,862ec7cb-ed52-4d0a-8b76-04d837faaaf4
,parrot-mm14w53y,/musicalbums/parrot-mm14w53y,260203,6uFgNS9hCiU,single,,503cee6a-bde9-4055-89f7-1f1fee00e051
,yin-and-yang-feat-dean-penomeco-fanxy-child-ver-mm14wxpv,/musicalbums/yin-and-yang-feat-dean-penomeco-fanxy-child-ver-mm14wxpv,260204,oyXx7MDqZ-Q,single,,6ad40bf4-b4ef-436c-b744-1e28b289862f
,the-void-mm16q7tv,/musicalbums/the-void-mm16q7tv,260204,7Nm3ZFOlKik,single,,596ca29c-4ab1-4f7d-b52b-b3ea560b079f
,flip-flap-mm16p7id,/musicalbums/flip-flap-mm16p7id,260204,CRf5qcPd5a0,single,,728b0323-40f6-4c46-aff6-9a1fbb68c4f9
,tokimetique-mm16bjkf,/musicalbums/tokimetique-mm16bjkf,260205,CTrgQ1U0EKA,single,,c2caba6e-aecb-4c33-994b-d4eed5a39e8a
Roh Yun Ha,sonogram,/musicalbums/sonogram,260205,kaJjuLHg0JU,studio,Mine Field,bb9cc6b6-10dc-436b-bc7c-26442c328913
,collection-of-props-vol-2-mm16thku,/musicalbums/collection-of-props-vol-2-mm16thku,260205,bRzo1UMw7YI,mini_album,,a9e1a896-1e37-4e71-97e3-67422bed3394
,i-am-solo-pt2-mm16eel5,/musicalbums/i-am-solo-pt2-mm16eel5,260205,npOGe6j5V9E,ost,,41e5cdb6-5de7-493e-a24a-730c7354ca4d
,dracula-remix-mm14vo2o,/musicalbums/dracula-remix-mm14vo2o,260206,0UPDBODtxzw,single,,22e58d1e-a18e-4ed6-89f3-47697324d7ff
,home-mm16ccpe,/musicalbums/home-mm16ccpe,260206,WLcuwy8wx80,mini_album,,015a36d4-2ab0-4034-914c-52cfec7c66f3
,rumble-mm16uio8,/musicalbums/rumble-mm16uio8,260206,0JKI59x_fZo,single,,1a5786ec-a833-4072-8251-d24233687859
,memories-mm16id9d,/musicalbums/memories-mm16id9d,260206,JC4UOrmdNZY,single,,94ca1836-7dab-47ce-a625-b7ce7c283fc3
,growing-pains-mm14ug3s,/musicalbums/growing-pains-mm14ug3s,260206,tUHmmMqV7pI,single,,9b40abe0-a673-43b1-aaaf-3a7cecbe90a7
,love-before-me-mm16gb9o,/musicalbums/love-before-me-mm16gb9o,260212,aZF-sSghjmw,mini_album,,62c89e6b-2a3b-4b7a-a960-c9733aa4da90
,lunod-mm16afv9,/musicalbums/lunod-mm16afv9,260213,5zW4P_WpJ-U,single,,338978c5-37ef-45ca-a3c1-97cc174c46ea
Sullyoon,always2,/musicalbums/always2,260225,x6peEfIQVGE,single,"Romantic Factory, JYP Entertainment",6159b07f-e44a-4875-94a2-926ba37936f1
Kep1er,i-stay-from-ne-zha-2,/musicalbums/i-stay-from-ne-zha-2,260225,sj0eG4iaJFw,ost,"Nextshin Co., Ltd.",de1a9eb6-5d10-4cac-8b2a-be388783d4e2
Bassagong,real-mc,/musicalbums/real-mc,260225,aCX2F0R5q9w,studio,BADTHANGS,8dc41268-0438-4f63-ae40-de3add7295e9
RESCENE,busy-boy,/musicalbums/busy-boy,260227,ewubELWBMaE,single,THE MUZE Entertainment,bc2562bd-70b4-4d8e-893f-05d0e855313b
Sweden Laundry,wasting-love,/musicalbums/wasting-love,260228,v2bg-clO174,single,Independent,f1ff1ac1-1d0a-446e-94a8-61d43640b098
,the-greatest-battle-mm16bdjh,/musicalbums/the-greatest-battle-mm16bdjh,260303,HM7UMkgHPC4,mini_album,,3f9d627e-fea3-4d58-a03b-510bf2045d15
DeVita,the-tree-is-burning,/musicalbums/the-tree-is-burning,260304,9FEfUCWI5Jw,studio,,9344acb5-e00e-4149-92bc-4f4c5185b62d
,archive1-mm16heop,/musicalbums/archive1-mm16heop,260304,,studio,,2c3ac6de-fad0-48e0-b86c-64c51078745c
In A Minute,who-do-you-love-i-need-you,/musicalbums/who-do-you-love-i-need-you,260311,8_6UqnEjSU0,single,JWin Entertainment,120b4b82-7cc7-4361-8653-818dfa5289b1
SKINZ,skinz-is-skinz,/musicalbums/skinz-is-skinz,260311,9MSkAK58J7I,mini_album,Bridge Entertainment,e141f224-9147-4c4b-8ca9-5b5e65929109
ODD YOUTH,babyface,/musicalbums/babyface,260312,_BzRriQWPwc,single,TOP Media,d097ea81-483c-4db7-9aa1-42a6dfcbbbc6
,fell-in-a-second-mm16c5th,/musicalbums/fell-in-a-second-mm16c5th,260318,,single,,6dc1d8d5-2166-4e1f-a0bf-e1a7b7096912
,too-bad-mm168chp,/musicalbums/too-bad-mm168chp,260401,,mini_album,,0af53419-53cd-416b-a58a-e558ba60e065
IITERNITI,im-real,/musicalbums/im-real,260227,XQMg8-Ku3JI,single,Pulse9,122b4389-762b-48cc-a7db-e4f2d0c9c88f
Solar,your-own-star,/musicalbums/your-own-star,260309,RcU8cCdhNp4,single,,6a396ae3-c370-41fa-a287-d8e49c512ebf
P1Harmony,unique,/musicalbums/unique,260312,m18dRRu9-V4,mini_album,FNC Entertainment,e11a198e-7e48-4917-8641-5d47947116da
MY:RAKL,wish-upon-the-stars1769878745208,/musicalbums/wish-upon-the-stars1769878745208,260126,-xw1nTIH50I,single,Accorde Entertainment,7bc97c76-2e42-4524-83c5-cfc88e51249b
SongSun,muted,/musicalbums/muted,260225,mRjqyekF46Y,single,JJ Music Group,85e1c228-a281-4422-b74f-c23b7f769018
QQQ,qtoresq,/musicalbums/qtoresq,260226,xSM4nToXTj4,mini_album,Universal Music Group,e68e433e-964b-44a2-9fcc-7c7ed89ba516
Lavin,animated,/musicalbums/animated,260226,jBSuAbstfEA,ep,PAN Entertainment,9f0932a2-b8a8-42d3-90e8-a3ffe1fb8236
MY:RAKL,salad-days,/musicalbums/salad-days,260226,HkzNJOpraaY,single,Accorde Entertainment,c9c75e8d-ba18-4c6a-9077-e856e9f64e58
Wendy,emotions,/musicalbums/emotions,260227,dpwoihsh5o0,single,"Danal Entertainment, Devine Channel",2ae9a12f-1278-4d9a-9aa1-04d767f3e374
AB6IX,so-sweet-0522,/musicalbums/so-sweet-0522,260227,v2QsMYk0E-g,single,BRAND NEW MUSIC,d03231f5-0e0f-447c-a9eb-4858454ee756
M.O.N.T,keep-it-slow,/musicalbums/keep-it-slow,260312,uCfhl1g-Ndw,single,FM Entertainment,1f7f07bc-f482-4802-8d10-99aef0045bba
Yeoeun,cant-erase-you2,/musicalbums/cant-erase-you2,260216,YawOgI0Ha-c,single,Seeing Forest Entertainment,ec621a8d-d1af-4747-adba-74446ebd5944
Yunsae,forevermore2,/musicalbums/forevermore2,260227,HQsLcakiWXo,single,FAM,ba810548-aae8-4c63-aa90-c8e2a6422181
Yeoeun,i-called-you-every-day,/musicalbums/i-called-you-every-day,260227,AEpCP4mHIVM,single,Yogurt Studio,0f661c11-73b2-4360-b523-7b4d81ecc6b2
Xooos,pop-pop,/musicalbums/pop-pop,260227,VtudVe3Evlg,single,EMA Recordings,2e617eac-00bf-46a7-91bc-70ac8ef9e494
Lee Young-ji,robot,/musicalbums/robot,260228,dnL8tAmkZaU,single,MAINSTREAM,95ec08cb-5c09-413a-a479-7e4b8dea0ce2
Youngjae,the-practical-guide-to-love-pt1,/musicalbums/the-practical-guide-to-love-pt1,260301,7nXd6qAFHRY,ost,SLL,6f686050-cee3-4615-970f-41f3525a2f53
Bang Yedam,in-your-radiant-season-pt4,/musicalbums/in-your-radiant-season-pt4,260301,Qw0GfFo_Rxw,ost,MUSIC&NEW,43b25692-e44e-4393-8df4-f829346bf284
idntt,all-i-need2,/musicalbums/all-i-need2,260211,OGGGnYS_wZI,single,MODHAUS,3313dadd-d997-47f6-85f1-c41e2477d613
Toil,jebi,/musicalbums/jebi,260216,wO3A4sgFVKk,single,"Daytona Entertainment, PYRAT, Choi Seong",c8cc8ed5-e04e-42f1-b649-c1808ffee22f
Yeoeun,are-we-breaking-up,/musicalbums/are-we-breaking-up,260302,_o7mLf4oVkY,single,Forest Watching Entertainment,74df5840-4c7d-4b77-bffc-4567bf11484f
M1nu,on-my-way2,/musicalbums/on-my-way2,260302,cz3nrT-wxO4,single,THE EYE Entertainment,b9a9fdfb-4459-4896-a433-f938a4d5b838
Gavy NJ,the-gavy-nj-ii,/musicalbums/the-gavy-nj-ii,260303,RiWbMezuiCs,single,DSP Media,1341c027-d54d-42c8-8eca-672cf8519c23
Jihan,you-loved-me-first,/musicalbums/you-loved-me-first,260304,ISOI-3n4_ac,single,,d35c3a68-a56f-4167-8646-178032c9ef22
Yuna,ice-cream,/musicalbums/ice-cream,260323,,mini_album,JYP Entertainment,2c78c385-eee0-4e87-8d83-07252f735593
Yuna,ice-cream2,/musicalbums/ice-cream2,260323,,studio,JYP Entertainment,285bd61b-4f2c-49fc-b4b1-cd275bb5ed90
Yuna,ice-cream3,/musicalbums/ice-cream3,260323,,ep,JYP Entertainment,d70564b8-87ec-42ce-bcbd-a12afed5054e
ARISE,reboot2,/musicalbums/reboot2,260326,,single,BY-U Entertainment,e8f4f387-056c-4c03-be78-cb98bc98038e
Yuna,ice-cream-remixes,/musicalbums/ice-cream-remixes,260327,,single,JYP Entertainment,ac941c55-002e-4988-96ef-fe22e1368697
TXT,7th-year-a-moment-of-stillness-in-the-thorns,/musicalbums/7th-year-a-moment-of-stillness-in-the-thorns,260413,,mini_album,BigHit Music,07a6c06a-b669-4f86-938c-4c45db705096
NELL,x-3,/musicalbums/x-3,260302,AyQ2g0t8y1A,mini_album,Space Bohemian,b79ac2c6-4008-401e-85e7-cd8a08b12878
B.I,buzzin-feat-coogie-gray,/musicalbums/buzzin-feat-coogie-gray,260302,_8PYDtiaVmk,single,131,57d0aad4-034a-4476-84c3-f0b99813188a
Yeojin,lv1,/musicalbums/lv1,260310,Wy4DRb1KfJ0,single,MUMW Official,bed0ad41-2bf7-4ec1-9226-5972666262f8
MONSTA X,unfold,/musicalbums/unfold,260403,,studio,"Starship Entertainment, BMG Rights Management (US) LLC",a7e7b0ec-c0ce-4d65-8afa-01082c9161e3
KIMMUSEUM,sad-1er-cru-after-everything-is-love,/musicalbums/sad-1er-cru-after-everything-is-love,260304,toz3MmGkypg,single,008 AIRLINE,c728bbed-d433-41e7-8c59-a1adfed06b13
NOWZ,nowz,/musicalbums/nowz,260304,4W7qezZKB6g,ep,Cube Entertainment,2d7a3ca0-dec5-4b9b-9227-e6c3494dc858
Baby DONT Cry,after-cry,/musicalbums/after-cry,260324,ejbFkYmX7kg,mini_album,P NATION,3ab5a336-ea04-471e-abbb-9e44f09a4fb8
Moonbyul,rev,/musicalbums/rev,260325,,single,RBW Entertainment,bc78d4d4-60c2-4be8-89c9-8d19606cf232
SEVENTEEN,tiny-light,/musicalbums/tiny-light,260304,H81NsniDjTk,ost,Pledis Entertainment,c870b0ce-58ef-41db-9279-e4c767a44964
Minseo,deep-dawn,/musicalbums/deep-dawn,260305,flC0Ajafv8Q,single,A-Side Company,1c58ac81-57d8-4d61-8170-be2f8d0d667a
YeoJin,lv12,/musicalbums/lv12,260310,,single,MUMW,1111a040-c515-4087-b976-f66c77a2b02f
Baby DONT Cry,shapeshifter,/musicalbums/shapeshifter,260311,ejbFkYmX7kg,single,P NATION,82491177-4a2b-4441-bfb1-a75a78107b41
LATENCY,late-o-clock,/musicalbums/late-o-clock,260318,qPWlHgx_Oc0,mini_album,Ordinary Records,28d6a44c-c60f-4903-a9f7-dc12841ac72f
So Soo Bin,every2,/musicalbums/every2,260326,,single,Camwus,1fb02e0e-587b-4384-9230-9e9b045adc46
Jennie,ruby-the-complete-collection,/musicalbums/ruby-the-complete-collection,260306,Kh0IYZS9nXU,repackage,"Columbia Records, OA",7407f1a8-2fe0-40de-ae43-10e279c5a28d
,boyfriend-on-demand-pt1,/musicalbums/boyfriend-on-demand-pt1,260306,iAhWq2jVRH4,ost,"Netflix Music, LLC",8fbe367b-a516-4c89-b095-9beaa790e5eb
aespa,attitude,/musicalbums/attitude,260306,nMwSsHkjmfk,single,"Warner Music Japan, SM Entertainment",74dd4142-6dbe-414e-809d-d3ca2fd9ecba
Jeong Sewoon,still-shining-pt1,/musicalbums/still-shining-pt1,260306,wPvQXbgxJqk,ost,SLL,f3512850-3ca9-477c-9beb-614d9e972fb7
Blue.D,perfect-love-feat-beo,/musicalbums/perfect-love-feat-beo,260306,0K6tjifZzU4,single,"EW Entertainment, ONGRAY",380add19-e81e-4aad-b77c-03b5e1011f81
E'LAST,tame,/musicalbums/tame,260310,pJ9voGp361g,single,E Entertainment,05a3094e-c059-4fff-b2d9-ac8993c60a08
Jinsol,from-sagittarius,/musicalbums/from-sagittarius,260318,3yjLE7Z_lDs,single,,9d9e762d-7afa-4cca-8342-75b1e0733dba
Yuna,ice-cream4,/musicalbums/ice-cream4,260323,,mini_album,JYP Entertainment,0fd5798c-1f42-4ae8-9294-e5463188f91f
CORTIS,greengreen,/musicalbums/greengreen,260504,,mini_album,BigHit Music,43f9d50d-214e-40f3-a432-05a3c9b6b8c9
FIVE O ONE,set-it-off,/musicalbums/set-it-off,260307,R57IaRgtQ_g,mini_album,HENECIA,fc116bd0-56d3-441b-8b95-4beddb4a7b18
KickFlip,twenty2,/musicalbums/twenty2,260309,Gt0wRAFpwvg,single,JYP Entertainment,e18b20dd-4971-4df1-b088-54f6e5942e25
KickFlip,my-first-kick,/musicalbums/my-first-kick,260406,Gt0wRAFpwvg,mini_album,JYP Entertainment,b77d7286-b572-4541-a82f-103eb7d3dd2a
Kubin,good-high,/musicalbums/good-high,260225,RIjrFfKehis,single,Recreative,410f3179-46bf-4ae1-a64c-7d1fa9b0eb89
Rolling Quartz,red-hot,/musicalbums/red-hot,260305,6J7K9Wi8uJ4,mini_album,Rolling Star Entertainment,7b484c7a-3673-4e7a-b494-0c356481a284
Boran,delulu,/musicalbums/delulu,260307,,ep,Independent,ea8ca1a8-35f8-45e7-ad55-9dae6b4244bf
S2iT,what-i-want,/musicalbums/what-i-want,260314,61MUBevD2KM,single,Monster Brain,d1b86243-c574-4aa7-9456-664d05d24963
CHASER,route-01-burning-point,/musicalbums/route-01-burning-point,260225,nXrQR-Tc_H4,mini_album,Howling Entertainment,26364d7c-03f9-45d1-9dba-e48a3d7f1f05
SUCTION,still-hurts,/musicalbums/still-hurts,260305,qwmNcmuXMVA,single,"Rickove Co., Ltd",eeb3e53b-911a-4f3c-95a6-2ee1c87dceea
GIRLSET,tweak-singles,/musicalbums/tweak-singles,260309,xLNmyB1iCig,single,JYP Entertainment,adef2731-c096-4e32-925c-46a314ae789c
ALLDAY PROJECT,i-dont-bargin,/musicalbums/i-dont-bargin,260309,LHUMzyMq084,single,THE BLACK LABEL,a9632203-491e-4ff3-bf9f-abf8025adce9
GEMINI,aa-alone-again,/musicalbums/aa-alone-again,260313,ROsltpV-JIE,single,AT AREA,fb5582f7-7e8b-4cfe-9940-4c28888e0e01
izna,love-all,/musicalbums/love-all,260316,RyDxz9qlhA8,single,WAKEONE,bd9fe4db-694e-42f1-a788-0679fa021234
ITZY,ice-cream5,/musicalbums/ice-cream5,260323,,mini_album,JYP Entertainment,74e82ea1-e5d3-4083-bf06-3d6a3709bb13
Irene,biggest-fan,/musicalbums/biggest-fan,260330,,studio,SM Entertainment,ac9bcb2e-de93-44e1-9e47-e7f3c713f270
Kep1er,crack-code,/musicalbums/crack-code,260331,,mini_album,"WAKEONE, KLAP Entertainment",14c0011c-7f87-423b-8a9a-21c05f9e274b
aoen,instant-crush,/musicalbums/instant-crush,260309,DzV97MXTZx8,single,JCONIC,3398cf1d-8303-447e-ae21-f58d5985c846
,maze,/musicalbums/maze,260212,h9roFEJv1sI,single,,a2a1627c-247a-4632-a634-f4b6b3eb078b
Hyunsik,sirens-kiss,/musicalbums/sirens-kiss,260310,MW-oLdhz8aI,ost,NHN Bugs,cc9bf110-1846-44a3-a8d4-1cd850d24d96
CAMO,tell-me2,/musicalbums/tell-me2,260310,8y3QgANqDz8,single,502,c9b70d59-15f8-4e4c-bca1-49b0fbaf38cd
Don Malik,ambition-310,/musicalbums/ambition-310,260310,0cLcsKaoXew,single,AMBITION MUSIK,cffbc0fb-767b-422a-ba9e-619c3482e9ac
CMDM,leash,/musicalbums/leash,260310,JnNeRXpzf6A,single,COMMAND THE-M Entertainment,eb294cb0-b1c8-4206-9c9f-00e9211d762e
THE HRTZ,the-first-wave,/musicalbums/the-first-wave,260408,,mini_album,Kakao Entertainment,ae7a5361-0698-4f80-b92c-ac07a87994eb
RED OOPART,3-min-flavor,/musicalbums/3-min-flavor,260310,cNVN9zUZTFU,mini_album,LCH Entertainment,49f74279-1653-4a92-866d-61579d082d50
Woo Yerin,the-lost-thread,/musicalbums/the-lost-thread,260311,yMzkPaFuXAc,single,"Ruby Records Co., Ltd",cbe66dc4-ad27-4cb9-8ce5-8f6b7b5b07f4
V01D,012,/musicalbums/012,260311,6j5dWsWh88s,mini_album,IX Entertainment,dfc979a1-0cf3-4a57-b763-7a7001f75854
Trade L,emoji,/musicalbums/emoji,260312,FF5oFEcF-xY,single,TRADE L,130285c0-4d1f-4585-8d05-93a35c4569c1
ODEE,pipe-down,/musicalbums/pipe-down,260312,KbD9w7oMXLw,single,"ODEE, POCLANOS",dfe5e5b6-216e-4c11-8875-f1b819bf5f97
RESCENE,busy-boy-galantis-remix,/musicalbums/busy-boy-galantis-remix,260312,tSCde4Aa2lg,single,"Aria, PIG Entertainment",d974f00b-5c01-4e15-9669-0f9edad81041
BTOB,we-together,/musicalbums/we-together,260321,,single,BTOB Company,fac14ec9-4376-407b-a88d-a32908bf4c1e
Haneum,daydream2,/musicalbums/daydream2,260330,,ep,ES Nation,da60c08e-9ee6-4f37-b57e-e26cb5d427d2
Wonpil,unpiltered,/musicalbums/unpiltered,260330,,mini_album,JYP Entertainment,5ece4acb-d016-4d61-9cfd-64a5407156cf
,2026-sub-character-2,/musicalbums/2026-Sub-Character-2,260202,,studio,,5ec4dc7c-250a-4e38-80fa-a28cbaac3940
,2026-both-sides-2,/musicalbums/2026-BOTH-SIDES-2,260223,,mini_album,SM Entertainment,9ae91abc-1903-450b-a9af-84d42c305eeb
,2026-archive1,/musicalbums/2026-Archive1,260304,,studio,,2c3ac6de-fad0-48e0-b86c-64c51078745c
JEY,2026-if-you-do,/musicalbums/2026-if-you-do,260313,tk-63EQaVLI,single,ALFHA,d3a59ba3-0643-4bbc-9111-294d5fd02c52
Sole,2026-still-shining-pt3,/musicalbums/2026-still-shining-pt3,260313,pWhZYfgc0IM,ost,SLL,d7aac7f8-d175-49ab-b126-0ea5df610486
Crucial Star,2026-radish,/musicalbums/2026-radish,260313,nQGFMWcSgQg,single,RATEL,5b84720c-1a80-4d46-89bf-a05bb1821b33
Stray Kids,2026-endless-sun,/musicalbums/2026-endless-sun,260313,F-QSLxAyFes,single,JYP Entertainment,d8013b57-399a-4ba0-8f16-433e83c05dd6
Hearts2Hearts,2026-rude-japanese-ver,/musicalbums/2026-rude-japanese-ver,260318,r13VjeHj8z0,single,SM Entertainment,1bc9d1f7-11f7-44bc-8788-0605ff3ad833
SF9,2026-about-love,/musicalbums/2026-about-love,260325,TUHZKn78E5I,mini_album,FNC Entertainment,b589c3b0-7ea0-4df0-b951-ba5df3ee9eac
Kangmin,2026-free-falling,/musicalbums/2026-free-falling,260326,VS5tx9LrLo0,single,Jellyfish Entertainment,5b8ccc76-1e4d-4f4e-9cf7-47b9a5942532
Hoshi,2026-baby-honey,/musicalbums/2026-baby-honey,260314,ScdULYbnjOs,single,PLEDIS Entertainment,251229fb-b705-4ae7-ad84-b6a8da268078
Yeoeun,2026-all-i-love-is-you,/musicalbums/2026-all-i-love-is-you,260314,2v_b0rBgr1s,single,SOOP Entertainment,c3368fc1-358e-42f7-8413-eb10e72dc03a
,2026-stomachache,/musicalbums/2026-stomachache,260315,zwOCGLpKC_M,single,WJY,b16fb7e5-85fd-49e9-91fb-b4406c586804
2NB,2026-cocktail-love,/musicalbums/2026-cocktail-love,260315,zjENKAVRrcs,single,Donuts Culture,b7cbdce7-0908-424c-88a4-da868c1a9134
Ryu Minhee,2026-alone-in-goodbye,/musicalbums/2026-alone-in-goodbye,260315,sAGD0C8nuOk,single,Iron ENM,d9f30378-2912-4c78-a555-2600b02a2810
Zia,2026-please-love-her-please-love-him,/musicalbums/2026-please-love-her-please-love-him,260315,-RUZUakN4nI,single,"FlexM, HNS HQ",a6c2f9e6-6a57-4e3e-9a3a-25edac14a377
N.TOP,2026-wedisconnect-find,/musicalbums/2026-wedisconnect-find,260315,YIjvuYeaiZQ,single,NYH Entertainment,ffa7e056-dfe7-420c-b700-a8c073f8a77d
siso,2026-1972,/musicalbums/2026-1972,260315,DwhQzQigrw0,single,Beautiful Noise,141dd353-47fd-4705-adec-c25b08da829f
,2026-sirens-kiss-pt3,/musicalbums/2026-sirens-kiss-pt3,260316,dLGfgnA7f68,ost,Most Contents,64621693-e099-42a0-ac03-aabe799f2488
AB6IX,2026-seven-crimson-horizon,/musicalbums/2026-seven-crimson-horizon,260316,pZxrtHizb98,studio,Brand New Music,126a092a-296b-40d8-b92e-ff11e29859b4
Lee Hyori,2026-mongle-mongle-mongle-ost,/musicalbums/2026-mongle-mongle-mongle-ost,260316,8nBgDvhZdTU,ost,Antenna,ec01cad1-11bc-4a0b-ae24-865296bd9a50
Yi Chaebin,2026-lazy-sunday,/musicalbums/2026-lazy-sunday,260318,YgcyK6x1ZvU,single,Independent,7c8f380b-7956-4598-bc15-4fdeb9666cfc
ILLIT,2026-its-me,/musicalbums/2026-its-me,260430,,mini_album,Belift Lab,5c1936bf-495c-4a6e-8b7f-aee250491757
DD!,2026-meet-me-at-forever,/musicalbums/2026-meet-me-at-forever,260316,8uV7o3STxhc,mini_album,"DD!, akin music",fc29e5c9-0169-43e5-b6d3-3aa58f63429d
,2026-lowkey-us-vol1,/musicalbums/2026-lowkey-us-vol1,260317,971SdN1aojk,single,LibertaENM,a77e5bd7-326c-479e-b0fc-2649295d8ff2
fromis_9,2026-boyfriend-on-demand-pt2,/musicalbums/2026-boyfriend-on-demand-pt2,260317,C9OxiWmYSyM,ost,Netflix Music,35502069-6a13-43f3-9c0b-59b9793cc3c2
SongSun,2026-prism-of-love,/musicalbums/2026-prism-of-love,260317,mI88XaC5DiU,single,FREQ,aee0b173-ddf6-41cf-81f6-881f6b4a0d5f
KISS OF LIFE,2026-who-is-she,/musicalbums/2026-who-is-she,260406,,single,S2 Entertainment,9bb243a8-16d1-4f58-ae47-d061044f3894
Minnie,2026-sirens-kiss-ost-part3,/musicalbums/2026-sirens-kiss-ost-part3,260316,,ost,Most Contents,29f74cea-4f2e-48d5-8a5a-15e05db28848
Soyeon,2026-ill-sing-to-you,/musicalbums/2026-ill-sing-to-you,260318,QPp3WTt0ivM,single,Vin Music,24efafea-1818-4799-9314-2369956074c8
RYUL,2026-problem,/musicalbums/2026-problem,260318,qd-CuEYh6lw,single,Cosm,75855210-ff38-454a-b4b1-d278ed3d375e
Dohoon,2026-you-like-it-i-love-it,/musicalbums/2026-you-like-it-i-love-it,260323,,single,,9f57f8e5-542b-495f-bb26-a16d65627fd5
STRITZ,2026-hope-we-got-this,/musicalbums/2026-hope-we-got-this,260317,Y8aqyy0kpHA,single,BS Production,768eee2a-2dff-4240-9918-83015a465202
AmbiO,2026-boys-be-ambitious,/musicalbums/2026-boys-be-ambitious,260318,2SHkpzwi_-o,mini_album,E Entertainment,ca5ca401-3a5a-494f-8695-9bd8322d777f
PATEKO,2026-patek-on-wine-vol-15,/musicalbums/2026-patek-on-wine-vol-15,260319,E9PARNJYNM0,mini_album,side/up,0bca908e-cb65-4cb6-9f21-d628b30cb64e
Hyoyeon,2026-moveurbody,/musicalbums/2026-moveurbody,260323,8a90HBQs3FU,single,SM Entertainment,69353c77-00d7-4696-bbb9-f56df0827c42
Stray Kids,2026-stay2,/musicalbums/2026-stay2,260325,swuhhziz3dM,single,JYP Entertainment,a812e44d-d31a-4922-9ef1-00d52da2eb16
KISS OF LIFE,2026-who-is-she2,/musicalbums/2026-who-is-she2,260406,ygYPwsjyCzQ,single,S2 Entertainment,66ba7e3f-5f04-4dfc-a207-aef8e5d92a2b
MODYSSEY,2026-1-got-hooked-an-addictive-symphony,/musicalbums/2026-1-got-hooked-an-addictive-symphony,260413,kK4kGeB5mQs,studio,"Onecead, JYP Entertainment (JYP China)",e6cdf72c-b5fc-4cf0-86dc-fe3450e193d3
PLAVE,2026-caligo-pt2,/musicalbums/2026-caligo-pt2,260413,K-F7906Jq9U,mini_album,VLAST,299296d0-6c1f-4cec-8ef0-61410089d07b
MYNAME,2026-reblue,/musicalbums/2026-reblue,260429,y2_dysO89B0,mini_album,musicaroma,12d17761-7830-4ecd-9685-60c81a32f936
Beadyo,2026-,/musicalbums/2026-,260201,,single,피플리 공방,53813313-00dd-4573-8a72-037321e08a1f
Boran,2026-delulu,/musicalbums/2026-delulu,260307,,ep,Independent,ea8ca1a8-35f8-45e7-ad55-9dae6b4244bf
Seok Matthew,2026-curtain-up-class-ost-pt2,/musicalbums/2026-curtain-up-class-ost-pt2,260308,pFKNeC5-MiM,ost,"Stone Music Entertainment, CJ EMN STUDIOS",0567f544-6ab9-48bc-a87f-58febe32f9cb
YeoJin,2026-lv1-2,/musicalbums/2026-lv1-2,260310,,single,MUMW,1111a040-c515-4087-b976-f66c77a2b02f
Yena,2026-love-catcher,/musicalbums/2026-love-catcher,260311,,mini_album,Yue Hua Entertainment,8ba1276b-6fe6-44ac-b40a-16046ec1f3a1
Kang Min Hee,2026-tree,/musicalbums/2026-tree,260319,FG5cO26pzb4,mini_album,With good people,648e1163-f46c-42d0-b9c7-59e45839e000
AFuture,2026-spring-shower,/musicalbums/2026-spring-shower,260321,JFhVuvzWEVI,single,4X4 Creative,8d362b95-5bc6-48dc-a943-571e42d46044
BTOB,2026-we-together,/musicalbums/2026-we-together,260321,lUJ3JEAp-II,single,BTOB Company,fac14ec9-4376-407b-a88d-a32908bf4c1e
Yuna,2026-ice-cream,/musicalbums/2026-ice-cream,260323,,mini_album,JYP Entertainment,2c78c385-eee0-4e87-8d83-07252f735593
Yuna,2026-ice-cream-3,/musicalbums/2026-ice-cream-3,260323,,studio,JYP Entertainment,285bd61b-4f2c-49fc-b4b1-cd275bb5ed90
Yuna,2026-ice-cream-2,/musicalbums/2026-ice-cream-2,260323,x0FwbTiD3iA,mini_album,JYP Entertainment,0fd5798c-1f42-4ae8-9294-e5463188f91f
ITZY,2026-ice-cream-4,/musicalbums/2026-ice-cream-4,260323,,mini_album,JYP Entertainment,74e82ea1-e5d3-4083-bf06-3d6a3709bb13
Yuna,2026-ice-cream-5,/musicalbums/2026-ice-cream-5,260323,,ep,JYP Entertainment,d70564b8-87ec-42ce-bcbd-a12afed5054e
Moonbyul,2026-rev,/musicalbums/2026-rev,260325,pLKOEfMc09E,single,RBW Entertainment,bc78d4d4-60c2-4be8-89c9-8d19606cf232
ARISE,2026-reboot,/musicalbums/2026-reboot,260326,,single,BY-U Entertainment,e8f4f387-056c-4c03-be78-cb98bc98038e
EL CAPITXN,2026-diary-breaking-through,/musicalbums/2026-diary-breaking-through,260326,qg4KF1DQuuk,single,,8c24f337-179e-4a0c-9ce7-1b7f7b45f96f
So Soo Bin,2026-every,/musicalbums/2026-every,260326,2_tA7-GQH1A,single,Camwus,1fb02e0e-587b-4384-9230-9e9b045adc46
Yuna,2026-ice-cream-remixes,/musicalbums/2026-ice-cream-remixes,260327,MaCtXQwta_E,single,JYP Entertainment,ac941c55-002e-4988-96ef-fe22e1368697
Wonpil,2026-unpiltered,/musicalbums/2026-unpiltered,260330,yiPTOpGWaeM,mini_album,JYP Entertainment,5ece4acb-d016-4d61-9cfd-64a5407156cf
Haneum,2026-daydream,/musicalbums/2026-daydream,260330,Gk3sKhxTN74,ep,ES Nation,da60c08e-9ee6-4f37-b57e-e26cb5d427d2
Irene,2026-biggest-fan,/musicalbums/2026-biggest-fan,260330,x7wLlK9MMN4,studio,SM Entertainment,ac9bcb2e-de93-44e1-9e47-e7f3c713f270
Kep1er,2026-crack-code,/musicalbums/2026-crack-code,260331,AMwK8YGZGnU,mini_album,"WAKEONE, KLAP Entertainment",14c0011c-7f87-423b-8a9a-21c05f9e274b
fromis_9,2026-japan-1st-ep-like-you-better-japanese-ver,/musicalbums/2026-japan-1st-ep-like-you-better-japanese-ver,260401,mfX0Zhm9PUA,ep,ASND,8b339b14-67ea-40ef-aa1c-b08c3c319b50
,2026-good-girl-but-not-for-you,/musicalbums/2026-good-girl-but-not-for-you,260401,,ep,Epic Records Japan,6787b224-9ef3-498e-8080-180d6d3de29e
MONSTA X,2026-unfold,/musicalbums/2026-unfold,260403,2EFwncas9Z4,studio,"Starship Entertainment, BMG Rights Management (US) LLC",a7e7b0ec-c0ce-4d65-8afa-01082c9161e3
THE HRTZ,2026-the-first-wave,/musicalbums/2026-the-first-wave,260408,OIGPIiPplTc,mini_album,Kakao Entertainment,ae7a5361-0698-4f80-b92c-ac07a87994eb
TXT,2026-7th-year-a-moment-of-stillness-in-the-thorns,/musicalbums/2026-7th-year-a-moment-of-stillness-in-the-thorns,260413,uflGpiktsHU,mini_album,BigHit Music,07a6c06a-b669-4f86-938c-4c45db705096
&TEAM,2026-we-on-fire,/musicalbums/2026-we-on-fire,260421,8hU6P7MmRyk,ep,YX Labels,1a2e3a91-f1c0-4a9c-94b7-5c03da1d41d1
CORTIS,2026-greengreen,/musicalbums/2026-greengreen,260504,,mini_album,BigHit Music,43f9d50d-214e-40f3-a432-05a3c9b6b8c9
82MAJOR,2026-trophy-yoon-yechan-remix,/musicalbums/2026-trophy-yoon-yechan-remix,260116,Wo4cQlVHPFc,single,Great M Entertainment,861c904d-f716-494b-bd31-344f2c040a7e
cosmosy,2026-chance,/musicalbums/2026-chance,260320,DiS9MZV2ZuI,single,"NTT Docomo Studio & Live, Sony Music Entertainment Korea",6aa594dd-49d6-4b6b-94cf-9f667e1ff4cb
,2026-f-killer,/musicalbums/2026-f-killer,260321,NlQlHpSq9Tk,single,,e0e2eedb-08f4-48e0-8263-765aa347cecb
ILLIT,2026-bubee,/musicalbums/2026-bubee,260406,OZ44P4JU87E,single,Belift Lab,85da4ffb-6ddf-43d8-bafa-09aeb83ad42e
Sung Hanbin,2026-spring-fever-ost-pt5,/musicalbums/2026-spring-fever-ost-pt5,260120,ACPODVhhACY,ost,"Stone Music Entertainment, BON FACTORY",568586ba-86f0-4524-864c-020573252ecb
LNGSHOT,2026-training-day2,/musicalbums/2026-training-day2,260223,P2llSm9tZvA,ep,More Vision,a8865ea5-5d2c-4a3f-af55-f06c0ef5ad66
Beemong,2026-tiny-island,/musicalbums/2026-tiny-island,260322,y8omlVISMfU,single,Akaiv Studio,2f79b38b-c607-4912-9042-5c1032cd7428
0WAVE,2026-u,/musicalbums/2026-u,260323,JrXdLoA8L7Y,single,Pyrat,4349bbbb-368a-419b-9e38-cd7ea60e1888
LNGSHOT,2026-training-day,/musicalbums/2026-training-day,260323,,ep,MORE VISION,cc000019-51f2-442e-96fd-718c8d808364
B.D.U,2026-friends-to-lovers,/musicalbums/2026-friends-to-lovers,260323,MH04dQ-1wY8,single,Orca Music,762e04c8-7d7e-4bba-8694-ce3850ad2bd4
OWIS,2026-museum,/musicalbums/2026-museum,260323,J7OhGsGbaM4,mini_album,ama,92651be0-cfd9-432a-9c86-65f770f923fe
TWS,2026-you-like-it-i-love-it2,/musicalbums/2026-you-like-it-i-love-it2,260323,SVtiAnU7JnM,single,NHN Link,b9e0fb22-926a-4a85-9b62-e3bae0554557
Jo Kwon,2026-like-i-do,/musicalbums/2026-like-i-do,260327,SZlfyoPC_c8,single,Archive Achim,920cbf94-a7ea-4d4f-beac-8d1f66396167
cosmosy,2026-of-the-world,/musicalbums/2026-of-the-world,260401,DdGXfZaSpwY,ep,NTT Docomo Studio & Live Sony Music Entertainment Korea,dfeb2112-aa16-4dcc-871a-a61f7f844464
AMPERS&ONE,2026-definition,/musicalbums/2026-definition,260408,wRZ1MdBoUq0,mini_album,FNC Entertainment,5479469f-2767-4416-b4e7-dd7c552384ee
NCT WISH,2026-ode-to-love,/musicalbums/2026-ode-to-love,260420,Q120WlxVxdk,studio,SM Entertainment,87fe58f2-cd6c-4a8e-90d7-970c22b55649
Yena,2026-catch-catch-sped-up,/musicalbums/2026-catch-catch-sped-up,260317,ZTXWmB--TUA,single,YH Entertainment,3a74139c-8067-49be-9290-92a656100810
Yu Dabin,2026-undelivered,/musicalbums/2026-undelivered,260322,x4ofq8se8B0,single,nib.archive,6b1de240-6229-435b-a9c5-d2cddb9753a7
Bao,2026-1love,/musicalbums/2026-1love,260325,qN0QYe1lMnk,single,KOODS Entertainment,18ef5ee7-644a-43af-a8dd-1de779eafd29
CSR,2026-a-feeling-that-cant-be-hidden,/musicalbums/2026-a-feeling-that-cant-be-hidden,260326,wu7b0oYIMG4,single,A2Z Entertainment,2191621b-b13a-454f-a097-df760e314924
Dignity,2026-point-blank,/musicalbums/2026-point-blank,260326,msOGCJC-EgI,mini_album,PCS Entertainment,0908c37c-efad-421f-bb94-3e263025f202
MELONii,2026-risky-risky,/musicalbums/2026-risky-risky,260331,bafIMw8apHs,single,MELONii,20bf60b0-0f70-40c5-8b0a-9c03e5b9be71
,2026-unveil,/musicalbums/2026-unveil,260402,xP_nrIzsH-8,mini_album,DSP Media,4768b26a-6543-4bca-abad-06c44805cc12
Somin,2026-unveil2,/musicalbums/2026-unveil2,260402,,ep,DSP Media,4aa4c53c-6de1-4340-b2d6-f26dbd4e1b79
T.O.P,2026-another-dimension,/musicalbums/2026-another-dimension,260403,V_GcryUV3Io,studio,TOPSPOT PICTURES,3c29cb5f-1374-43ac-8894-f4954c0ca4f8
Xdinary Heroes,2026-dead-and,/musicalbums/2026-dead-and,260417,kG68WXnzSbQ,mini_album,"Studio J, JYP Entertainment",7d6cf398-af55-4a90-94a6-dd6e9ddae83d
Yuta,2026-play-back,/musicalbums/2026-play-back,260513,,single,Avex,ab2b5428-05c6-4837-939b-b5117aae5736
FIFTY FIFTY,2026-wish-you-were-here,/musicalbums/2026-wish-you-were-here,260324,tExRQj5h5H0,single,ATTRAKT,5e35add4-a6b4-4ba3-91df-7a8b26f68345
Hyerim,2026-stress,/musicalbums/2026-stress,260325,A8VJqH1emaw,single,Doubling Music,4f7252b5-b32e-49b8-b5f4-b32525fe6748
BamBam,2026-ready-for-more,/musicalbums/2026-ready-for-more,260325,5IpijccabU4,single,HALO CORPORATION,1491d1d3-1320-43f0-a5a6-78e77d19b8d3
Xdinary Heroes,2026-x-room,/musicalbums/2026-x-room,260325,kG68WXnzSbQ,single,"Studio J, JYP Entertainment",9029cffa-9ba0-4b29-be43-afd0a6b3ff2c
YOUNG POSSE,2026-we-dont-go-to-bed-tonight,/musicalbums/2026-we-dont-go-to-bed-tonight,260407,vopGeyv646g,single,"DSP Media, BEATS Entertainment",0429b4cc-116b-42c4-8180-b9806c554d70
ifeye,2026-as-if,/musicalbums/2026-as-if,260415,,ep,Hi-Hat Entertainment,a44e8b4a-e92f-4e6e-85e0-22d8cc64ab30
BTS,2026-swim-instrumental,/musicalbums/2026-swim-instrumental,260323,b4iVv91Z6lY,single,BIGHIT Music,ef1d4abb-afcb-47c7-9960-d92c3888c312
MY:RAKL,2026-sunshine-on-demand,/musicalbums/2026-sunshine-on-demand,260325,KYAsgMDTu6c,single,Accorde Entertainment,a98b631c-0cec-48b7-b116-d3381cee9468
Wonstein,2026-everybody-dies,/musicalbums/2026-everybody-dies,260326,6At0eXB8PTQ,single,STANDARD FRIENDS,f71e8818-fa12-4268-a0ec-2cc0240c6655
Ilhoon,2026-merry-go-round,/musicalbums/2026-merry-go-round,260326,RHKpIJbwIa8,single,Carpenters Art Republic,8e5b431b-a0e8-47d7-9973-3538aa45ae7f
Minit,2026-love-again,/musicalbums/2026-love-again,260326,kS0lwh7obpA,single,Cosm,3eeb337f-31b3-41ca-a70f-b1db04987de4
Gist,2026-boyfreind,/musicalbums/2026-boyfreind,260326,jvOFx6wOkg0,studio,Daytona Entertainment,14000862-0728-4a2d-a530-f348d1cce375
Legit Goons,2026-punk,/musicalbums/2026-punk,260326,1Ni-fIXHqE8,studio,BAD THANGS,813ca8eb-4349-4270-8f00-9a7b16ac25b0
Taemin,2026-long-way-home,/musicalbums/2026-long-way-home,260327,bQtykP25A-g,single,,111a38fe-390b-4c27-90d5-3a96cb0964a9
Donghyun,2026-happy-death-day,/musicalbums/2026-happy-death-day,260403,QJwZyyQwIpU,single,SidusHQ,2b99ba1e-0d56-4cb0-a751-f2642e701f75
AKMU,2026-flowering,/musicalbums/2026-flowering,260407,SNn_H_Q2moo,studio,Cemter of Inspiration,3bb63e6d-d9c1-45d3-b891-ece9fcd8ebaf
Kang Seung Sik,2026-surfphase,/musicalbums/2026-surfphase,260408,1vcwOOfbr7g,single,MUMW Entertainment,ef4a529e-d1e4-42d1-b8a3-7bb708850051
LOVEONE,2026-unica,/musicalbums/2026-unica,260409,aylyn0E-PbA,single,CMG Stars,4abb77b8-0152-4c6b-86d2-df700cb105c4
Marv,2026-show-me-the-money-12-episode-2,/musicalbums/2026-show-me-the-money-12-episode-2,260320,8j5WQOjY34Q,studio,Stone Music Entertainment,05726eb7-b5b5-4db5-9a39-d570df9c2126
Gray,2026-show-me-the-money-12-semi-final,/musicalbums/2026-show-me-the-money-12-semi-final,260327,XmXy-4oN5Lc,studio,Stone Music Entertainment,20efc16f-d2ec-4786-8b8e-43e306272477
BTS,2026-keep-swimming,/musicalbums/2026-keep-swimming,260327,b4iVv91Z6lY,single,BigHit Music,c9d0dce4-57cb-43ea-88f0-03c8314517aa
WEi,2026-save2,/musicalbums/2026-save2,260327,1mlDoj5ZsDY,single,OUI Entertainment,af5be1c1-4f79-4872-8c67-97fb958352ce
Hearts2Hearts,2026-iscream-vol39-rude-remixes,/musicalbums/2026-iscream-vol39-rude-remixes,260327,EU8zYwRc9js,single,"SM Entertainment, ScreaM Records",e7c51080-8b71-4512-946c-a8e9fb640bdf
Kid Milli,2026-lovesick,/musicalbums/2026-lovesick,260327,SGpWyUFdG2w,studio,POV,3fd8d116-0f63-43a3-9790-c25061ee29ca
Min Jiwoon,2026-feel-it-too,/musicalbums/2026-feel-it-too,260403,uwJWPrqe5EM,single,KRUCIALIZE,f67ef47d-958c-4a78-94ab-005048ac5396
AWU,2026-reframe,/musicalbums/2026-reframe,260409,5NuJlWcuITs,mini_album,Independent,46475f66-71b4-46ce-a179-c71b73f001ad
Yves,2026-nail,/musicalbums/2026-nail,260417,,mini_album,PAIX PER MIL,aa4ee1d1-fbe1-4a8b-8c26-a265289a1b5b
Park Jihoon,2026-reflect,/musicalbums/2026-reflect,260429,,single,YY Entertainment,fbddaef4-be8f-45b8-914a-242f397481ee
ChRocktikal,2026-we-break-you-awake2,/musicalbums/2026-we-break-you-awake2,260115,,studio,Dreamcatcher Company,2d33b7db-d62d-4672-9678-91a4e8021708
NXMERCY,2026-burn-the-blue,/musicalbums/2026-burn-the-blue,260316,gZt_jJh1vUI,single,Lowkeyhouse Entertainment,3e2bd01b-b79e-406b-aef4-6c1c4d52188d
Chuei Li Yu,2026-flower-pot,/musicalbums/2026-flower-pot,260318,ZoI7nREAwPw,single,FNC ENTERTAINMENT,5a78f4cb-6ef9-4b00-baf4-2d2f261af373
Hayoon,2026-unfold2,/musicalbums/2026-unfold2,260328,bMihQ2wLKMI,mini_album,257 Entertainment,a4d50e83-7640-4e28-9335-0cea66971e02
Jeong Sewoon,2026-love-in-the-margins,/musicalbums/2026-love-in-the-margins,260331,aKulGTx2hzY,ep,Starship Entertainment,cfefb341-07a9-4b62-b9cd-ca16a6d85216
Kino,2026-lost-and-found,/musicalbums/2026-lost-and-found,260401,472MqaZF3kg,ep,NAKED,ac9510d4-daae-4d5f-89d8-c48da6d1f1a9
DPR IAN,2026-the-show,/musicalbums/2026-the-show,260402,z6qyEfH2D-o,single,Dream Perfect Regime,6b5783c2-a33c-46a2-bb56-768b5586978a
Dita,2026-rip,/musicalbums/2026-rip,260404,Cp3ejSQk7tg,single,Independent,ffc6fcfe-b4dc-4f0e-87f6-a2010f4511ff
Rolling Quartz,2026-rolling-quartz-siyeon,/musicalbums/2026-rolling-quartz-siyeon,260406,b9M9-BtreL4,single,Rolling Star Entertainment,8ccb8b09-1dc1-4539-b5a9-cb31836d0fdd
ANGEL NOISE,2026-dont-look-for-me,/musicalbums/2026-dont-look-for-me,260415,,single,BabyLemon Entertainment,99842285-b176-47ee-95af-642ec90ce6cb
IS:SUE,2026-quartet,/musicalbums/2026-quartet,260520,,studio,LAPONE Entertainment,e437b654-3423-49bc-9f7f-387a6d242df6
Kim Tae Rae,2026-bomb-bomb,/musicalbums/2026-bomb-bomb,260129,,ost,CJ ENM,59d0f6c3-625c-4de3-8f6d-0b0d8d4e8cb3
Satbyeol,2026-jup,/musicalbums/2026-jup,260314,pN0Po0OdF44,single,JUNITY,55428dc1-8fb5-4116-be60-b0530231539f
Dok2,2026-you-me,/musicalbums/2026-you-me,260328,vYCZ4xYvsac,single,E.O.E. High-Recodings,37befa0a-278d-4c2b-9aef-f027ee46beee
Lee A Young,2026-lost-in-memory-x-by-chance-project,/musicalbums/2026-lost-in-memory-x-by-chance-project,260329,7NlrzMwoU0U,single,Donuts Culture,3a160858-12cd-4a67-9d42-3e67b8c42f08
Taeyong,2026-mad-concrete-dreams-pt2,/musicalbums/2026-mad-concrete-dreams-pt2,260329,jyUGIDbK12I,ost,"Stone Music Entertainment, Studio Dragon",3f9a59c1-e35c-4d65-84a9-5e1ef4051bc8
AWU,2026-rose,/musicalbums/2026-rose,260402,5NuJlWcuITs,single,Independent,808f5212-8ecc-4e49-8bad-03993133d4db
Ki:XÉ,2026-bomb2,/musicalbums/2026-bomb2,260124,CAS-rXb-cZs,single,ATIV Records,0239d984-a8d3-4876-ae3c-a8a83a2e207b
THE SSYNDROME,2026-good-boy,/musicalbums/2026-good-boy,260205,S2qaSh1_sg8,single,Dreamcatcher Company,33cfa660-6031-4356-a62c-48816507a0e9
Kyu,2026-unknown,/musicalbums/2026-unknown,260227,-Wa0StGAjqY,single,NAISU agency,657af556-277b-4a52-ac8b-04af178e7332
Don Malik,2026-303,/musicalbums/2026-303,260330,P_iyAH59kCs,single,AMBITION MUSIK,d0415ce4-1299-4d28-b873-7b9eca82566c
Code Kunst,2026-famous,/musicalbums/2026-famous,260330,BjIIlpUmhOQ,single,Music Farm Entertainment,ae4fede0-97a4-41c1-aa5c-a58dd521a4ee
SeeYa,2026-nevertheless-we,/musicalbums/2026-nevertheless-we,260330,dmsw-tEenZ0,single,"Seeya Entertainment Co., Ltd.",92d303ea-5bc4-4823-984c-f65304a531a7
IVE,2026-fashion,/musicalbums/2026-fashion,260403,S1bfg8s4OV8,single,Ariola Japan,f5daa2fb-d15c-4daf-896b-f603b7e355c7
MEU,2026-gummy-clock,/musicalbums/2026-gummy-clock,260406,Wtifc7TTHEQ,single,BEREO Entertainment,bc5fdd79-b9a1-4267-8800-1159d3ea7064
NOTES,2026-page-1,/musicalbums/2026-page-1,260418,,single,Independent,e14f9b40-d39a-4cf3-9dc7-8259bfef6507
MEU,2026-paper-plane,/musicalbums/2026-paper-plane,260419,,mini_album,BEREO Entertainment,049e15cf-ee60-45dc-ad41-1fe6613b0e6c
TWS,2026-no-tragedy,/musicalbums/2026-no-tragedy,260427,,mini_album,Pledis Entertainment,89dd0004-2f58-490a-b133-5f8471fd19f4
BABYMONSTER,2026-choom,/musicalbums/2026-choom,260504,,mini_album,YG Entertainment,9b4b431a-4f30-4a81-9b54-d19c4f85627b
IVE,2026-lucid-dream,/musicalbums/2026-lucid-dream,260527,,ep,Ariola Japan,9c24d61f-edd4-494f-a0d8-607e022c5c53
Daeyeol,2026-where-stars-grow,/musicalbums/2026-where-stars-grow,260210,wTeVeqqz1kI,single,,c5523137-9da3-4e20-a6e7-0e60adf2c577
Yeoeun,2026-my-love-who-will-never-return,/musicalbums/2026-my-love-who-will-never-return,260330,mD_zpce3fr8,single,Seeing Forest Entertainment,4238650a-45da-4bb8-8b1a-fce73dc4214b
Zelo,2026-cola-comigo,/musicalbums/2026-cola-comigo,260331,lvpNFKmAN3w,single,VLACKSQUAD,3a6afbde-3b51-4a7e-a633-f3fb3a2a6245
RESCENE,2026-runaway,/musicalbums/2026-runaway,260408,rsZwrTNklos,single,THE MUZE Entertainment,0ae40130-74b9-4bd4-a579-501e9ade2bca
Xia,2026-gravity,/musicalbums/2026-gravity,260630,,studio,Palmtree Island,e6b2d48f-b53c-438f-b46e-86f4075cc457
Meenoi,2026-ring3,/musicalbums/2026-ring3,260331,-pJUkl65xy4,ep,,50094791-1799-4343-83b1-0bace0170ed3
Kid Milli,2026-loveick,/musicalbums/2026-loveick,260401,stvqgbukKPg,ep,POV,41fba284-9cb1-4f1f-b36b-ebc93015e2f6
Yang Irae,2026-not-okay,/musicalbums/2026-not-okay,260402,,single,Independent,b8530d98-360b-4feb-aeb1-808f2d060831
Hwasa,2026-so-cute,/musicalbums/2026-so-cute,260409,YEMBk076jGM,single,P NATION,34309311-45f9-47b2-ba2f-3bffd0dc406d
KATSEYE,2026-pinky-up,/musicalbums/2026-pinky-up,260409,7F1ET2XHQfk,single,"HYBE, UMG",38333697-07aa-4588-9a7f-1eeda8d51c91
CORTIS,2026-redred,/musicalbums/2026-redred,260420,,single,BIGHIT MUSIC,9cac1a78-f2b8-4d40-a1da-ffc712a0352b
UNCHILD,2026-we-are-unchild,/musicalbums/2026-we-are-unchild,260421,,single,High Up Entertainment,97a01f69-6820-41e4-a17d-a4b3d1ccb26b
INI,2026-pulse,/musicalbums/2026-pulse,260422,,mini_album,LAPONE Entertainment,8bd241cd-d84c-4c71-bb0c-19edb41df368
Kassy,2026-the-late-regret,/musicalbums/2026-the-late-regret,260401,qotGIY7DZTc,single,The Toon Studio,45b6bcf5-bcaa-41c4-a903-352367ef714f
The8,2026-april-drift,/musicalbums/2026-april-drift,260402,n5k0_F9iJJo,single,,b172dd93-1337-4a3b-84ae-258fcac5827c
SORAN,2026-change-tonight-im-afraid-of-the-first-date,/musicalbums/2026-change-tonight-im-afraid-of-the-first-date,260402,giRRt-26SYI,single,"MPMG Music, CAM",c5801fa5-78fd-464c-b131-5f295724cc5c
EVNNE,2026-backtalk,/musicalbums/2026-backtalk,260420,,single,Jellyfish Entertainment,0f25286a-0f94-44e9-aa7b-6f546c2d5d7d
NAZE,2026-babyboo,/musicalbums/2026-babyboo,260117,kcpmKTnAHFM,single,Universal Music LLC,333121aa-e16f-4da1-a840-79f0f578f26f
NAZE,2026-hello2,/musicalbums/2026-hello2,260131,pDL_MH2DsEY,single,Universal Music LLC,131a90e7-b915-450d-a98f-536816d0823e
NAZE,2026-little-star,/musicalbums/2026-little-star,260214,bIlVqNb8mYs,single,Universal Music LLC,d1cfa6ee-bf8c-4cd3-9683-6d2ff523ee81
NAZE,2026-isnt-she-lovely,/musicalbums/2026-isnt-she-lovely,260228,iSXjamHaMH8,single,Universal Music LLC,4b3af470-75ea-4cfb-81ec-b1d4c73ace12
Seo Eve,2026-no-carrots,/musicalbums/2026-no-carrots,260328,2qU19-8hk0g,ep,Pansta,db9ba589-a9c5-4bfe-a716-6c591f004d68
CLOSE YOUR EYES,2026-efficient-encounter-of-single-men-and-women-ost-part6,/musicalbums/2026-efficient-encounter-of-single-men-and-women-ost-part6,260329,HRtza6h12yU,ost,SLL,905317b0-2e57-4d23-88f8-3ae40b28d655
Hanroro,2026-lovehate,/musicalbums/2026-lovehate,260402,qrzKsS-4lZo,single,,f6ec632a-501c-4d5d-bd5a-842a09976299
Roo,2026-vibin,/musicalbums/2026-vibin,260402,npuDCtzhF1k,single,GoHigh,08dab960-b550-46c5-be1e-c069eacb4932
KHAN,2026-stay-in-my-lane,/musicalbums/2026-stay-in-my-lane,260402,vBifhZtfELE,single,446,2c9713d6-22c4-47d8-b3dd-46f0f1ca93df
Ash Island,2026-burn-part2,/musicalbums/2026-burn-part2,260402,ZB-tSt_8M7M,ep,MIDNIGHT RECORDS,c1e9724d-951b-4af2-8b32-f2eb2be55ded
ISHA,2026-f-the-love,/musicalbums/2026-f-the-love,260403,fxCe-dQZtIc,single,COSMIK RAIDERS,621c56c3-1c19-4ad4-8002-1605e8e542ba
Yong Hoon,2026-always-meet-again-ost-part-5,/musicalbums/2026-always-meet-again-ost-part-5,260403,HJYm0RlFnXE,ost,"DSP Media, Moving Pictures Company",c64182e7-ecf9-4897-9f24-8279b3396e86
Junghoon,2026-dtt,/musicalbums/2026-dtt,260403,P8lUsa619bc,single,IPQ,67a076ab-62a0-4a70-b290-dad173da90b6
Code Kunst,2026-show-me-the-money-12-final,/musicalbums/2026-show-me-the-money-12-final,260403,,compilation,Stone Music Entertainment,329f62dd-02c6-40c4-8936-ccd920abb2a7
Dayoung,2026-whats-a-girl-to-do,/musicalbums/2026-whats-a-girl-to-do,260407,MfipEXSvtjg,single,Starship Entertainment,c6acfbc1-4f41-435a-afab-3a59a5e4c808
Gaho,2026-to-mars,/musicalbums/2026-to-mars,260408,62BGFV9A2Ig,single,Plan G Entertainment,5a3272ff-7ced-4943-a336-4a6a22a7ee0b
XngHan,2026-glow,/musicalbums/2026-glow,260427,,mini_album,SM Entertainment,5299236b-134f-4bce-8026-7c985ab00246
NAZE,2026-naze,/musicalbums/2026-naze,260504,,mini_album,C9 Entertainment,73487904-7cef-456f-ae60-532d7895d358
RAWBURN,2026-rawburn,/musicalbums/2026-rawburn,260331,UOfJCZDqQb0,single,RAW PLACE,0ce7aa75-031d-4bab-a1b6-3caac772fea9
Ha Hyunsang,2026-new-boat,/musicalbums/2026-new-boat,260406,KuigNsDB8zw,studio,Wakeone,1629c3e3-d122-477a-af28-3d8c2df06162
pH-1,2026-purple-tape,/musicalbums/2026-purple-tape,260409,Kx6-6lLEc6U,studio,H1GHR MUSIC,0d1ebc63-c06d-4b4c-8be7-f7691405b848
Hyerim,2026-4th,/musicalbums/2026-4th,260404,23m3sKBgf7E,mini_album,Doubling Music,b8f459ec-07aa-4ee0-92f3-d0bd1e23fd4b
Royal 44,2026-checkmate,/musicalbums/2026-checkmate,260404,9tCLAEcRW5M,single,Yng & Rich Records,efa0cbbc-7740-40db-bd29-66ef7d957960
Bill Stax,2026-live-fast-die-skrt,/musicalbums/2026-live-fast-die-skrt,260405,,studio,SKRRGANG BUSINESS,3e1bc21a-9fea-4c4b-becf-86a3c88122c7
COiBLEN,2026-hustle-life,/musicalbums/2026-hustle-life,260418,,single,COiBLEN,73e102e5-79e4-4798-b891-0ce3a1db25ea
Sojung,2026-you-ruined-me,/musicalbums/2026-you-ruined-me,260405,-QBw5I4kn3g,single,Drama House,f2cdf3d1-002f-4f31-a976-4df171f08648
JAJUNG,2026-spring-shines-so-bright,/musicalbums/2026-spring-shines-so-bright,260405,rWzLBz2O4L8,single,HNS HQ,bc366f75-eb31-4c66-ae64-781a196f80df
Hebi,2026-allergy,/musicalbums/2026-allergy,260406,6S-_nPxtTnY,single,3Y CORPORATION,accd580b-50e2-41f8-aac7-4c5f8e967301
Yujeong,2026-beautiful-sunlight,/musicalbums/2026-beautiful-sunlight,260406,7IGZhI_1E6g,single,Cosmic Raiders,b632e097-363c-425e-a09b-d2ae42144592
Sik-k,2026-public-enemies,/musicalbums/2026-public-enemies,260406,yHsJpkQtaus,single,"KC, AT AREA",88671563-395b-416a-ab02-db7231cd43af
Solar,2026-before-we-knew-pt7,/musicalbums/2026-before-we-knew-pt7,260406,7abcAxCg2LA,ost,Hanteo Global,f7bcf0a0-1d34-452d-87f9-a3b0e8d965a4
Donghae,2026-good-day-feat-jay-park-1il,/musicalbums/2026-good-day-feat-jay-park-1il,260407,2yj0FlkF6VE,single,ODE Entertainment,5739d890-a3c1-4013-a423-f1c0de7e1dcc
KEYVITUP,2026-keyvitup,/musicalbums/2026-keyvitup,260408,oEcfOzYWLSY,ep,iNKODE,30b78c12-fe91-44bc-8e58-5932c81def87
Lisa,2026-bad-angel,/musicalbums/2026-bad-angel,260408,dKmPEhJ4wjY,single,LLOUD,39791cee-10e8-4dce-8673-18d34de15ebf
Yue,2026-im-not-fine,/musicalbums/2026-im-not-fine,260415,,single,Independent,ee30971f-4e10-4b5d-9638-d0f882da691d
Wheein,2026-adagio,/musicalbums/2026-adagio,260416,,single,With US Entertainment,e8e84761-6be5-4a44-94ae-0bb82c537ff8
Donghae,2026-alive2,/musicalbums/2026-alive2,260420,,studio,ODE Entertainment,49ab6582-7d44-4f05-807d-26eb4c3a9a46
QWER,2026-ceremony,/musicalbums/2026-ceremony,260427,,mini_album,,5416eb20-6d5e-47dc-a63e-f64ec3c53bf0
QWER,2026-ceremony2,/musicalbums/2026-ceremony2,260427,,mini_album,3Y CORPORATION,ac1d3c52-7ef5-4910-995c-ba7a83e7c079
82MAJOR,2026-feelm,/musicalbums/2026-feelm,260428,,mini_album,Great M Entertainment,091f6c6b-5acb-4b09-b79f-714601a15b6e
82MAJOR,2026-feelm2,/musicalbums/2026-feelm2,260428,,mini_album,Great M Entertainment,987bd8c1-625c-4700-b957-6de3cad772c7
PLAVE,2026-hmph,/musicalbums/2026-hmph,260403,K-F7906Jq9U,single,VLAST,0a75c1d1-c3a1-4bac-b301-3cb25273e2c8
DJ ASTER,2026-omg,/musicalbums/2026-omg,260403,ZJm1CtGefsk,single,INITIAL MUSIC KOREA,1ee8ee37-6a94-4190-99dd-3c30da6becde
Verbal Jint,2026-the-difference-between-galbi-jjim-and-jjim-galbi,/musicalbums/2026-the-difference-between-galbi-jjim-and-jjim-galbi,260407,cX0TF4A7ulQ,single,OTHERSIDE,d572bfb6-928d-4b6f-bc6b-4a7e84a4899e
Deepflow,2026-curry,/musicalbums/2026-curry,260408,_F8i7y5D_aM,single,BADA B!NG Records,f1ed6691-076a-4d51-8d47-ecce07d3a5fa
Risabae,2026-spectrum,/musicalbums/2026-spectrum,260408,knsvd1s25hQ,single,icecreative,2f490be0-3019-444f-9efe-6364cd71a13c
NEXZ,2026-mmchk,/musicalbums/2026-mmchk,260427,,mini_album,JYP Entertainment,5171208e-1ff9-4c23-94f3-50cc3dd51cac
CRAVITY,2026-redefine,/musicalbums/2026-redefine,260429,,mini_album,Starship Entertainment,bf90ef45-1908-4a5b-9a95-4dde6d879e35
H//PE Princess,2026-177,/musicalbums/2026-177,260527,,mini_album,CJ ENM,b447a086-bac7-4f04-a3a3-1e5ccff671a4
Rockhyun,2026-i-want-you,/musicalbums/2026-i-want-you,260201,tCnVbA-f7qA,single,Independent,b9c25ec0-432a-4828-aa03-cb646a59d4cd
Karlee,2026-right-back,/musicalbums/2026-right-back,260220,tzGw9LOZhDA,single,,d0dd2710-f4c1-4b9a-b08b-1f480a2238fb
Hyukjin,2026-im-not-alone,/musicalbums/2026-im-not-alone,260401,MTjaH8Nk4m8,single,Kiss Entertainment,134f25fd-f271-4c38-bfc5-5e2d413680be
Kisu,2026-numbers,/musicalbums/2026-numbers,260409,bMqP5bv1emI,single,Starlit,0cdc3ec5-3252-489b-b7f5-a0036b8945a3
Woo,2026-mp3,/musicalbums/2026-mp3,260414,,ep,duover,5ec1d07d-442a-4f03-8d80-d39bb85e8401
W3WAY,2026-the-spring-of-us,/musicalbums/2026-the-spring-of-us,260408,Jaew7AqWaJQ,single,NineTwo Entertainment,00984222-41c8-432a-b47e-50b29c7964eb
Nika,2026-letter-to,/musicalbums/2026-letter-to,260409,,single,Kingspire Music,2b1aa3aa-cd8d-4a7b-8c41-b6a57eb09b93
DJ ASTER,2026-holy-moly,/musicalbums/2026-holy-moly,260410,hHAQcVqbJ6g,single,Initial Music Korea,8474267d-9908-45f5-9599-5b1c4809bd47
BTS,2026-swim-underwater-remix,/musicalbums/2026-swim-underwater-remix,260410,QWhHYopwlaE,single,BigHit Music,5b1e2d5d-7cb4-4537-91b2-a06410a68658
BIBI,2026-perfect-crown-pt1,/musicalbums/2026-perfect-crown-pt1,260410,kiCi4-plFUA,ost,Kakao Entertainment,cb231fab-f81c-47bb-93e7-d937ef00b589
NELL,2026-loss-in-motion,/musicalbums/2026-loss-in-motion,260410,GVaA2Avsb4k,single,SPACE BOHEMIAN,22cf4f54-5dcb-4918-bb65-90c466b166a2
Zene The Zilla,2026-ambition-410,/musicalbums/2026-ambition-410,260410,cB068G7jseg,single,AMBITION MUSIK,e4b234e0-6101-499f-9a40-f4f3f132e940
Oxynova,2026-first-name,/musicalbums/2026-first-name,260410,Uhfzm92uZ_I,single,Yng & Rich Records,63cd15c6-bb62-4e97-8f62-96db7125cbf2
Yeoeun,2026-dont-go-dont-go-dont-go,/musicalbums/2026-dont-go-dont-go-dont-go,260410,,single,Yogurt Studio,d32f42a2-1fc9-4c2d-9bf4-ab0b9d22f631
DNA,2026-stronger,/musicalbums/2026-stronger,260413,rp-AiX_r6gU,single,Na Entertainment,a8f968f7-0608-48e4-8915-ba815c2d22c3
StelLive,2026-star-trail,/musicalbums/2026-star-trail,260508,,studio,Accelers,1188e665-5539-4e74-bdd4-d6aaa7b277cd
Skinny Brown,2026-relax-a-bit,/musicalbums/2026-relax-a-bit,260411,K1Pq_LETafQ,single,Daytona Entertainment,58ec29ad-3fa4-4777-8771-80c5a09a6fd1
KiiiKiii,2026-perfect-crown-pt2,/musicalbums/2026-perfect-crown-pt2,260411,0PZ4fElBkS8,ost,Kakao Entertainment,c56134ad-5ae1-4747-8ee3-e73e79084319
Boramiyu,2026-clover-4,/musicalbums/2026-clover-4,260415,,mini_album,Shofar Entertainment,e4364832-10b2-4a07-b147-5c25b1202d75
ALL'N,2026-we-up,/musicalbums/2026-we-up,260415,,single,SKS Entertainment,088da4f5-d28f-414a-8682-3f478ec491fc
H//PE Princess,2026-stolen2,/musicalbums/2026-stolen2,260429,,single,Chapter-I,c7097ef2-218b-46e9-b739-e12bb2b51f74
H//PE Princess,2026-stolen-korean-ver,/musicalbums/2026-stolen-korean-ver,260511,,single,Chapter-I,b55085fe-1ecd-405f-b697-57d3c2498cbb
HITGS,2026-things-we-dream-vol1,/musicalbums/2026-things-we-dream-vol1,260415,,single,H Music Entertainment,1026e09d-9e4d-4d0e-89ec-80138b44dcf3
Jay Chang,2026-feel2,/musicalbums/2026-feel2,260306,,single,FM Entertainment,7331256f-bb7b-4328-80f8-bec4554eaeb8
MRCH,2026-the-practical-guide-to-love-ost-part-2,/musicalbums/2026-the-practical-guide-to-love-ost-part-2,260308,Xk0dFAkAhgo,ost,Warner Music Korea,011b16f5-e727-4ef2-8a54-d7a9a343d35b
HYNN,2026-the-practical-guide-to-love-ost-part3,/musicalbums/2026-the-practical-guide-to-love-ost-part3,260314,_WDhLMNAukc,ost,Warner Music Korea,0de26172-fd29-48ec-b1ab-fa3d2e75dd1a
Jung Seunghwan,2026-the-practical-guide-to-love-ost-part4,/musicalbums/2026-the-practical-guide-to-love-ost-part4,260322,9eDb53_yTyM,ost,Warner Music Korea,7f8a7950-5b7f-44df-85f2-6a464d8dbd49
Boramiyu,2026-the-practical-guide-to-love-ost-part5,/musicalbums/2026-the-practical-guide-to-love-ost-part5,260328,ukcanytrH3s,ost,Warner Music Korea,8ee1ada4-283c-41de-90b4-c17866997a6b
Shin Jiyoon,2026-i-love-you-devil-ost-x-shin-ji-yoon,/musicalbums/2026-i-love-you-devil-ost-x-shin-ji-yoon,260408,sJRDdnkomhw,ost,OGAM Entertainment,7c8f62c0-242d-4cff-8246-3d37869e5c19
Rayeon,2026-me-cung,/musicalbums/2026-me-cung,260410,s4wPrKom3cw,single,C-Global Entertainment,9088ee2f-61be-471b-8ba6-003aa236889a
Min Jiwoon,2026-mad-concrete-dreams-ost-part3,/musicalbums/2026-mad-concrete-dreams-ost-part3,260411,qw5SpCyQNLQ,ost,"Stone Music Entertainment, Studio Dragon",14805428-9539-4b45-a4a9-4767a29e2dee
Kim Yeon Ji,2026-heels,/musicalbums/2026-heels,260412,w6vKt3MsnPE,single,Wild Move,eccc09f7-65bf-4ba1-9c57-78562f16bbb8
Anda,2026-doctor-shin-ost-part4,/musicalbums/2026-doctor-shin-ost-part4,260412,teGrm3A3b6g,ost,XP Corp.,5d01f950-2966-4809-804d-4692deecc2ad
KIMKIPYØ,2026-check-out,/musicalbums/2026-check-out,260412,0JW2A0GqB5U,ep,AOMG,416feaee-1144-442f-9556-521bf19b0e51
Jay Chang,2026-higher,/musicalbums/2026-higher,260413,vnAH7q-N_-Q,single,FM Entertainment,a69f9063-dd3c-471a-b1c3-edf2fe58d2be
Miyeon,2026-bloom-again-prod-by-yoon-ilsang,/musicalbums/2026-bloom-again-prod-by-yoon-ilsang,260413,KaOumNboHz4,single,142 Music,dedce908-9560-4d5e-9ae4-0e05945e08ef
ILLIT,2026-bubee-korean-ver,/musicalbums/2026-bubee-korean-ver,260413,dLkfa-X_H9E,single,BELIF Lab,97605803-2af2-4ef9-b79c-64e553dad564
DK X Seungkwan,2026-feel-me,/musicalbums/2026-feel-me,260413,iYkraEzsQ1g,single,"NHN Link Co., Ltd.",0aba047f-f37c-4ca8-a95f-cb0560fc27c3
Giriboy,2026-no-comment,/musicalbums/2026-no-comment,260413,FLw8FIdBunI,single,STANDARD FRIENDS,0891546d-e3fb-4d53-9527-ea6abb974be8
Taeyong,2026-rock-solid-feat-anderson-paak,/musicalbums/2026-rock-solid-feat-anderson-paak,260417,,single,SM Entertainment,949779fc-873e-499d-9843-5b2d85943cbe
VVS,2026-tay-the-night,/musicalbums/2026-tay-the-night,260422,,mini_album,MZMC Inc,57493954-325a-458c-860b-a3a8715bea6e
LE SSERAFIM,2026-celebration,/musicalbums/2026-celebration,260424,,single,Source Music,8724ae69-c8b6-401a-8168-f0dbfcb503bb
lilli lilli,2026-really-lily,/musicalbums/2026-really-lily,260501,,mini_album,Entertainment HAN,6cc80cb7-48f4-4eaf-9f18-f4c2626777a5
LE SSERAFIM,2026-pureflow-pt1,/musicalbums/2026-pureflow-pt1,260522,,studio,SOURCE MUSIC,25535202-6835-4bbc-804a-64f3d9e4f759
